"Postal Code","Place Name","Province","Municipality","Latitude","Longitude"
0002,Pretoria,,,-25.7069,28.2294
0003,Pretoria,,,-25.7069,28.2294
0004,Pretoria,,,-25.7069,28.2294
0005,Pretoria,,,-25.7069,28.2294
0006,Pretoria,,,-25.7069,28.2294
0007,Pretoria,,,-25.7069,28.2294
0008,Atteridgeville,,,-25.7728,28.0678
0008,Pretoria,,,-25.7069,28.2294
0009,Pretoria,,,-25.7069,28.2294
0010,Glenstantia,,,-25.7069,28.2294
0010,Pretoria,,,-25.7069,28.2294
0011,Pretoria,,,-25.7069,28.2294
0012,Pretoria,,,-25.7069,28.2294
0014,Pretoria,,,-25.7069,28.2294
0014,Centurion,,,-25.7069,28.2294
0016,Pretoria,,,-25.7069,28.2294
0017,Pretoria,,,-25.7069,28.2294
0017,Doornpoort,,,-25.6333,28.2667
0018,Pretoria,,,-25.7069,28.2294
0019,Pretoria,,,-25.7069,28.2294
0020,Pretoria,,,-25.7069,28.2294
0021,Pretoria,,,-25.7069,28.2294
0022,Eersterus,,,-25.7236,28.3194
0022,Pretoria,,,-25.7069,28.2294
0023,Pretoria,,,-25.7069,28.2294
0024,Pretoria,,,-25.7069,28.2294
0025,Pretoria,,,-25.7069,28.2294
0026,Pretoria,,,-25.7069,28.2294
0027,Pretoria,,,-25.7069,28.2294
0028,Pretoria,,,-25.7069,28.2294
0029,Philip Nel Park,,,-25.7069,28.2294
0029,Pretoria,,,-25.7069,28.2294
0030,Pretoria,,,-25.7069,28.2294
0031,Pretoria,,,-25.7069,28.2294
0032,Pretoria,,,-25.7069,28.2294
0033,Pretoria,,,-25.7069,28.2294
0035,Derdepoortpark,,,-25.7069,28.2294
0035,Pretoria,,,-25.7069,28.2294
0036,Pretoria,,,-25.7069,28.2294
0037,Laudium,,,-25.7833,28.1
0037,Pretoria,,,-25.7069,28.2294
0039,Pretoria,,,-25.7069,28.2294
0040,Menlo Park,,,-25.7711,28.3078
0041,Pretoria,,,-25.7069,28.2294
0042,Menlo Park,,,-25.7711,28.3078
0042,Garsfontein,,,-25.8008,28.2956
0043,Faerie Glen,,,-30.85,30.3333
0043,Pretoria,,,-25.7069,28.2294
0044,Moreletapark,,,-25.7069,28.2294
0044,Pretoria,,,-25.7069,28.2294
0045,Pretoria,,,-25.7069,28.2294
0046,Centurion,,,-25.8744,28.1706
0047,Pretoria,,,-25.7069,28.2294
0048,Pretoria,,,-25.7069,28.2294
0049,Pretoria,,,-25.7069,28.2294
0050,Wapadrand,,,-25.7069,28.2294
0050,Pretoria,,,-25.7069,28.2294
0051,Lyttelton,,,-25.8333,28.2167
0051,Centurion,,,-25.8744,28.1706
0052,Pretoria,,,-25.7069,28.2294
0053,Pretoria,,,-25.7069,28.2294
0054,Pretoria,,,-25.7069,28.2294
0055,Pretoria,,,-25.7069,28.2294
0056,Pretoria,,,-25.7069,28.2294
0057,Pretoria,,,-25.7069,28.2294
0058,Pretoria,,,-25.7069,28.2294
0059,Pretoria,,,-25.7069,28.2294
0060,Menlo Park,,,-25.7711,28.3078
0061,Pretoria,,,-25.7069,28.2294
0062,Pretoria,,,-25.7069,28.2294
0063,Pretoria,,,-25.7069,28.2294
0065,Pretoria,,,-25.7069,28.2294
0066,Pretoria North,,,-25.6622,28.1653
0068,Hercules,,,-25.7167,28.1833
0070,Pretoria West,,,-25.75,28.1667
0071,Pretoria,,,-25.7069,28.2294
0072,Moreletapark,,,-25.651,28.2387
0073,Pretoria,,,-25.7069,28.2294
0074,Pretoria,,,-25.7069,28.2294
0076,Kromdraai,,,-25.4833,28.2667
0078,Pretoria,,,-25.7069,28.2294
0079,Pretoria,,,-25.7069,28.2294
0080,Pretoria,,,-25.7069,28.2294
0081,Moreletapark,,,-25.7069,28.2294
0081,Pretoria,,,-25.7069,28.2294
0081,Wapadrand,,,-25.7069,28.2294
0081,Garsfontein,,,-25.7069,28.2294
0081,Menlo Park,,,-25.7069,28.2294
0081,Faerie Glen,,,-25.7069,28.2294
0081,Kromdraai,,,-25.7069,28.2294
0082,Hercules,,,-25.7167,28.1833
0082,Pretoria,,,-25.7069,28.2294
0083,Pretoria,,,-25.75,28.2333
0083,Hatfield,,,-25.7467,28.2231
0084,Moot,,,-25.7069,28.2294
0084,Pretoria,,,-25.7069,28.2294
0101,Pretoria,,,-25.7069,28.2294
0103,Pretoria,,,-25.7069,28.2294
0105,Pretoria,,,-25.7069,28.2294
0109,Wierdapark,,,-25.7069,28.2294
0110,Pretoria,,,-25.7069,28.2294
0112,Mamelodi,,,-25.7072,28.3472
0112,Pretoria,,,-25.7069,28.2294
0116,Pretoria,,,-25.7069,28.2294
0117,Pretoria,,,-25.7069,28.2294
0118,Karenpark,,,-25.7069,28.2294
0118,Pretoria,,,-25.7069,28.2294
0120,Pretoria,,,-25.7069,28.2294
0120,Pyramid,,,-25.5814,28.2319
0121,Pretoria,,,-25.7069,28.2294
0122,Pretoria,,,-25.7069,28.2294
0122,Mamelodi,,,-25.7069,28.2294
0125,Pretoria,,,-25.7069,28.2294
0126,Pretoria,,,-25.7069,28.2294
0127,Pretoria,,,-25.7069,28.2294
0128,Pretoria,,,-25.7069,28.2294
0129,Pretoria,,,-25.7069,28.2294
0132,Pretoria,,,-25.7069,28.2294
0134,Pretoria,,,-25.7069,28.2294
0135,Pretoria,,,-25.7069,28.2294
0137,Pretoria,,,-25.7069,28.2294
0139,Pretoria,,,-25.7069,28.2294
0142,Pretoria,,,-25.7069,28.2294
0143,Pretoria,,,-25.7069,28.2294
0145,Waterkloof,,,-25.7069,28.2294
0145,Pretoria,,,-25.7069,28.2294
0146,Pretoria,,,-25.7069,28.2294
0148,Pretoria,,,-25.7069,28.2294
0149,Wierdapark,,,-25.7069,28.2294
0149,Centurion,,,-25.7069,28.2294
0149,Pretoria,,,-25.7069,28.2294
0150,Pretoria,,,-25.7069,28.2294
0150,Magalieskruin,,,-25.7069,28.2294
0151,Pretoria,,,-25.7069,28.2294
0152,Pretoria,,,-25.7069,28.2294
0152,Soshanguve,,,-25.7069,28.2294
0153,Wingate Park,,,-25.8333,28.25
0153,Pretoria,,,-25.7069,28.2294
0154,Rooihuiskraal,,,-25.9,28.1
0154,Pretoria,,,-25.7069,28.2294
0155,Pretoria,,,-25.7069,28.2294
0155,Theresapark,,,-25.7069,28.2294
0156,Pretoria,,,-25.7069,28.2294
0156,Ninapark,,,-25.7069,28.2294
0157,Centurion,,,-25.8744,28.1706
0157,The Reeds,,,-25.8049,28.2056
0157,Wierdapark,,,-25.8049,28.2056
0157,Lyttelton,,,-25.8333,28.2167
0157,Rooihuiskraal,,,-25.8049,28.2056
0157,Highveld,,,-25.8049,28.2056
0157,Pretoria,,,-25.7069,28.2294
0158,The Reeds,,,-25.7069,28.2294
0158,Pretoria,,,-25.7069,28.2294
0159,Pretoria,,,-25.7069,28.2294
0159,Montanapark,,,-25.7069,28.2294
0160,Pretoria,,,-25.7069,28.2294
0160,Denneboom,,,-25.7181,28.3342
0161,Pretoria,,,-25.7069,28.2294
0162,Pretoria,,,-25.7069,28.2294
0163,Lyttelton,,,-25.7069,28.2294
0163,Centurion,,,-25.7069,28.2294
0163,Pretoria,,,-25.7069,28.2294
0164,Soshanguve,,,-25.5147,28.1081
0165,Pretoria,,,-25.7069,28.2294
0166,Pretoria,,,-25.7069,28.2294
0167,Pretoria,,,-25.7069,28.2294
0168,Pretoria,,,-25.7069,28.2294
0169,Highveld,,,-25.7069,28.2294
0169,Pretoria,,,-25.7069,28.2294
0170,Silverton,,,-25.7317,28.3347
0171,Centurion,,,-25.8744,28.1706
0172,Centurion,,,-25.8744,28.1706
0173,Wierdapark,,,-25.771,28.2449
0174,Pretoria,,,-25.7069,28.2294
0177,Mamelodi,,,-25.7072,28.3472
0179,Pretoria,,,-25.7069,28.2294
0181,Glenstantia,,,-25.7425,28.2326
0181,Pretoria,,,-25.7069,28.2294
0181,Moreletapark,,,-25.7425,28.2326
0181,Waterkloof,,,-25.7781,28.2358
0181,Wingate Park,,,-25.7425,28.2326
0182,Pretoria,,,-25.7069,28.2294
0182,Theresapark,,,-25.6771,28.1867
0182,Boordfontein West,,,-25.6771,28.1867
0182,Boordfontein-Wes,,,-25.6771,28.1867
0182,Boordfontein,,,-25.6771,28.1867
0182,Rosslyn,,,-25.6771,28.1867
0182,Magalieskruin,,,-25.6771,28.1867
0182,Karenpark,,,-25.6771,28.1867
0182,Ninapark,,,-25.6771,28.1867
0182,Montanapark,,,-25.6771,28.1867
0182,Pretoria North,,,-25.6622,28.1653
0182,Pretoria-Noord,,,-25.6622,28.1653
0183,Pretoria West,,,-25.75,28.1667
0183,Pretoria,,,-25.7069,28.2294
0183,Philip Nel Park,,,-25.7356,28.1876
0183,Pretoria-Wes,,,-25.75,28.1667
0184,Silverton,,,-25.7069,28.2294
0184,Pretoria,,,-25.7069,28.2294
0185,Valhalla,,,-25.8117,28.1503
0185,Pretoria,,,-25.7069,28.2294
0186,Doornpoort,,,-25.7069,28.2294
0186,Lynn East,,,-25.7069,28.2294
0186,Pretoria,,,-25.7069,28.2294
0187,Voortrekkerhoogte,,,-25.8,28.1167
0187,Pretoria,,,-25.7069,28.2294
0188,Pretoria,,,-25.7069,28.2294
0189,Brits,,,-25.6333,27.7833
0190,Medunsa,,,-25.6189,28.0228
0190,Mabopane,,,-25.5072,28.1075
0191,Mabopane,,,-25.5072,28.1075
0192,Mabopane,,,-25.5072,28.1075
0193,Mabopane,,,-25.5072,28.1075
0194,Mabopane,,,-25.5072,28.1075
0195,Mogwase,,,-25.2667,27.2333
0197,Mabopane,,,-25.5072,28.1075
0198,Mabopane,,,-25.5072,28.1075
0199,Mabopane,,,-25.5072,28.1075
0200,Pretoria,,,-25.6242,28.0942
0200,Rosslyn,,,-25.6242,28.0942
0201,Karenpark,,,-25.7069,28.2294
0201,Boordfontein West,,,-25.7069,28.2294
0201,Boordfontein-Wes,,,-25.7069,28.2294
0201,Boordfontein,,,-25.7069,28.2294
0201,Pretoria,,,-25.7069,28.2294
0202,Rustenburg,,,-25.6667,27.25
0204,Medunsa,,,-25.6189,28.0228
0204,Pretoria,,,-25.6189,28.0228
0207,Mabopane,,,-25.5072,28.1075
0208,Ga-Rankuwa,,,-25.5883,28.0078
0210,Brits,,,-25.6333,27.7833
0211,Mabopane,,,-25.5072,28.1075
0212,Mabopane,,,-25.5072,28.1075
0213,Mabopane,,,-25.5072,28.1075
0214,Mabopane,,,-25.5072,28.1075
0215,Mabopane,,,-25.5072,28.1075
0216,Hartbeespoort,,,-25.7333,27.85
0217,Brits,,,-25.6333,27.7833
0218,Mabopane,,,-25.5072,28.1075
0219,Mabopane,,,-25.5072,28.1075
0220,Brits,,,-25.6333,27.7833
0232,Brits,,,-25.6333,27.7833
0240,Brits,,,-25.6333,27.7833
0250,Brits,,,-25.6333,27.7833
0251,Brits,,,-25.6333,27.7833
0252,Brits,,,-25.6333,27.7833
0253,Brits,,,-25.6333,27.7833
0255,Brits,,,-25.6333,27.7833
0257,Brits,,,-25.6333,27.7833
0258,Brits,,,-25.6333,27.7833
0259,Brits,,,-25.6333,27.7833
0260,Brits,,,-25.6333,27.7833
0261,Brits,,,-25.6333,27.7833
0264,Letlhabile,,,-25.6333,27.7833
0264,Brits,,,-25.6333,27.7833
0265,Brits,,,-25.6333,27.7833
0267,Brits,,,-25.6333,27.7833
0268,Brits,,,-25.6333,27.7833
0269,Brits,,,-25.6333,27.7833
0270,Brits,,,-25.6333,27.7833
0271,Brits,,,-25.6333,27.7833
0273,Brits,,,-25.6333,27.7833
0274,Brits,,,-25.6333,27.7833
0275,Brits,,,-25.6333,27.7833
0276,Brits,,,-25.6333,27.7833
0277,Brits,,,-25.6333,27.7833
0284,Marikana,,,-25.613,27.8843
0285,Marikana,,,-25.613,27.8843
0286,Marikana,,,-25.613,27.8843
0287,Rustenburg,,,-25.6667,27.25
0292,Rustenburg,,,-25.6667,27.25
0299,Rustenberg,,,-25.613,27.8843
0299,Rustenburg,,,-25.6667,27.25
0301,Rustenburg,,,-25.6667,27.25
0302,Rustenburg,,,-25.6667,27.25
0303,Rustenburg,,,-25.6667,27.25
0305,Rustenburg,,,-25.6666,27.25
0306,Rustenburg,,,-25.6667,27.25
0307,Rustenburg,,,-25.6667,27.25
0308,Rustenburg,,,-25.6667,27.25
0308,Boitekong,,,-25.6667,27.25
0309,Rustenburg,,,-24.9333,27.15
0310,Rustenburg,,,-25.6667,27.25
0311,Rustenburg,,,-25.6667,27.25
0312,Rustenburg,,,-25.6667,27.25
0313,Rustenburg,,,-25.6667,27.25
0314,Rustenburg,,,-25.6667,27.25
0315,Rustenburg,,,-25.6667,27.25
0316,Rustenburg,,,-25.6667,27.25
0317,Marikana,,,-25.575,27.2375
0318,Rustenburg,,,-24.9333,27.15
0318,Saulspoort,,,-24.9333,27.15
0319,Thabazimbi,,,-24.6,27.4
0320,Rustenburg,,,-25.6667,27.25
0322,Rustenburg,,,-25.6667,27.25
0324,Rustenburg,,,-24.9333,27.15
0328,Rustenburg,,,-25.6667,27.25
0330,Rustenburg,,,-25.6667,27.25
0331,Rustenburg,,,-25.6667,27.25
0332,Rustenburg,,,-25.6667,27.25
0333,Rustenburg,,,-25.6667,27.25
0334,Rustenburg,,,-25.6667,27.25
0335,Rustenburg,,,-25.6667,27.25
0336,Rustenburg,,,-25.6667,27.25
0337,Rustenburg,,,-25.6667,27.25
0338,Rustenburg,,,-24.9333,27.15
0340,Rustenburg,,,-25.6667,27.25
0341,Rustenburg,,,-25.6667,27.25
0342,Rustenburg,,,-25.6667,27.25
0344,Rustenburg,,,-25.6667,27.25
0345,Rustenburg,,,-25.6667,27.25
0346,Rustenburg,,,-25.6667,27.25
0347,Rustenburg,,,-25.6667,27.25
0348,Koster,,,-25.8667,26.9
0349,Rustenburg,,,-25.6667,27.25
0350,Rustenburg,,,-25.6667,27.25
0351,Swartklip,,,-24.9333,27.15
0353,Rustenburg,,,-25.6667,27.25
0354,Rustenburg,,,-25.6667,27.25
0355,Rustenburg,,,-25.6667,27.25
0356,Rustenburg,,,-25.6667,27.25
0357,Mafikeng,,,-25.8667,25.65
0358,Rustenburg,,,-24.9333,27.15
0361,Thabazimbi,,,-24.6,27.4
0362,Chromite,,,-24.6,27.4
0362,Thabazimbi,,,-24.6,27.4
0363,Thabazimbi,,,-24.6,27.4
0364,Rustenburg,,,-25.6667,27.25
0365,Rustenburg,,,-24.9333,27.15
0366,Rustenburg,,,-24.9333,27.15
0367,Rustenburg,,,-24.9333,27.15
0369,Koster,,,-25.8667,26.9
0371,Mogwase,,,-25.2667,27.2333
0372,Mogwase,,,-25.1833,27.2667
0374,Saulspoort,,,-25.1667,27.1667
0375,Swartklip,,,-24.9333,27.15
0378,Rustenburg,,,-25.6667,27.25
0379,Mogwase,,,-25.2667,27.2333
0380,Thabazimbi,,,-24.6,27.4
0381,Thabazimbi,,,-24.6,27.4
0382,Thabazimbi,,,-24.6,27.4
0383,Thabazimbi,,,-24.6,27.4
0384,Thabazimbi,,,-24.6,27.4
0385,Thabazimbi,,,-24.6,27.4
0386,Podiphatshwa,,,-24.6,27.4
0386,Thabazimbi,,,-24.6,27.4
0387,Thabazimbi,,,-24.6,27.4
0387,Regorogile,,,-24.6,27.4
0388,Mogwase,,,-25.2667,27.2333
0390,Rustenburg,,,-24.9333,27.15
0393,Rustenberg,,,-25.2,27.2167
0394,Mogwase,,,-25.2667,27.2333
0396,Mogwase,,,-25.2667,27.2333
0397,Mogwase,,,-25.2667,27.2333
0398,Mogwase,,,-25.2667,27.2333
0399,Saulspoort,,,-25.1667,27.1667
0400,Hammanskraal,,,-25.4075,28.2856
0402,Hammanskraal,,,-25.4075,28.2856
0404,Hammanskraal,,,-25.4075,28.2856
0405,Rust De Winter,,,-25.1986,28.6092
0406,Warmbaths,,,-24.8833,28.2833
0407,Temba,,,-25.365,28.2189
0407,Hammanskraal,,,-25.4075,28.2856
0408,Temba,,,-25.365,28.2189
0409,Temba,,,-25.365,28.2189
0410,Temba,,,-25.365,28.2189
0411,Temba,,,-25.365,28.2189
0412,Mphe-Batho,,,-25.343,28.2204
0413,Hammanskraal,,,-25.4075,28.2856
0413,Mutlestad,,,-25.343,28.2204
0414,Hammanskraal,,,-25.4075,28.2856
0415,Rantebeng,,,-25.365,28.2189
0415,Temba,,,-25.365,28.2189
0416,Temba,,,-25.365,28.2189
0417,Hammanskraal,,,-25.4075,28.2856
0418,Swartbooistad,,,-25.2728,28.1683
0418,Temba,,,-25.365,28.2189
0419,Thulwe,,,-25.2167,28.2167
0419,Temba,,,-25.365,28.2189
0420,Warmbaths,,,-24.8833,28.2833
0426,Hammanskraal,,,-25.4075,28.2856
0427,Hammanskraal,,,-25.4075,28.2856
0428,Temba,,,-25.365,28.2189
0429,Hammanskraal,,,-25.4075,28.2856
0430,Settlers,,,-24.95,28.5333
0430,Warmbaths,,,-24.95,28.5333
0431,Hammanskraal,,,-25.4075,28.2856
0431,Skilpadfontein,,,-25.0167,28.8
0432,Bamokgoko,,,-25.1039,28.5219
0432,Hammanskraal,,,-25.4075,28.2856
0433,Nylstroom,,,-24.7,28.4
0434,Hammanskraal,,,-25.4075,28.2856
0435,Hammanskraal,,,-25.4075,28.2856
0436,Nylstroom,,,-24.7,28.4
0437,Nylstroom,,,-24.7,28.4
0438,Temba,,,-25.365,28.2189
0439,Temba,,,-25.365,28.2189
0440,Temba,,,-25.365,28.2189
0441,Temba,,,-25.365,28.2189
0442,Temba,,,-25.365,28.2189
0443,Temba,,,-25.365,28.2189
0444,Temba,,,-25.365,28.2189
0445,Temba,,,-25.365,28.2189
0447,Temba,,,-25.365,28.2189
0448,Temba,,,-25.365,28.2189
0449,Mbibane,,,-25.365,28.2189
0449,Marble Hall,,,-24.9667,29.3
0450,Marble Hall,,,-24.9667,29.3
0451,Marble Hall,,,-24.9667,29.3
0452,Marble Hall,,,-24.9667,29.3
0452,Xipame,,,-24.9667,29.3
0453,Marble Hall,,,-24.9667,29.3
0454,Marble Hall,,,-24.9667,29.3
0455,Marble Hall,,,-24.9667,29.3
0456,Marble Hall,,,-24.9667,29.3
0457,Marble Hall,,,-24.9667,29.3
0457,Dibasabophelo,,,-24.9667,29.3
0458,Empumalanga,,,-25.3167,31.1
0458,Marble Hall,,,-24.9667,29.3
0459,Marble Hall,,,-24.9667,29.3
0460,Marble Hall,,,-24.9667,29.3
0462,Siyabuswa,,,-25.1167,29.05
0464,Marble Hall,,,-24.9667,29.3
0465,Marble Hall,,,-24.9667,29.3
0466,Marble Hall,,,-24.9667,29.3
0467,Marble Hall,,,-24.9667,29.3
0468,Marble Hall,,,-24.9667,29.3
0469,Siyabuswa,,,-25.1167,29.05
0470,Groblersdal,,,-25.15,29.3833
0472,Siyabuswa,,,-24.9667,29.3
0472,Marble Hall,,,-24.9667,29.3
0473,Groblersdal,,,-25.15,29.3833
0474,Groblersdal,,,-25.15,29.3833
0474,Boleu,,,-25.15,29.3833
0475,Siyabuswa,,,-25.1167,29.05
0477,Siyabuswa,,,-25.1167,29.05
0477,Groblersdal,,,-25.1167,29.05
0478,Marble Hall,,,-24.9667,29.3
0479,Marble Hall,,,-24.9667,29.3
0480,Warmbaths,,,-24.8833,28.2833
0480,Warmbad,,,-24.8833,28.2833
0480,Northern Provice,,,-24.8833,28.2833
0482,Warmbad,,,-24.8833,28.2833
0483,Warmbaths,,,-24.8833,28.2833
0484,Marble Hall,,,-24.9667,29.3
0485,Groblersdal,,,-25.15,29.3833
0486,Thabazimbi,,,-24.6,27.4
0486,Leeupoort,,,-24.9,27.7167
0487,Thabazimbi,,,-24.6,27.4
0490,Groblersdal,,,-25.15,29.3833
0491,Groblersdal,,,-25.15,29.3833
0492,Warmbaths,,,-24.8833,28.2833
0493,Siyabuswa,,,-25.1167,29.05
0494,Siyabuswa,,,-25.1167,29.05
0495,Siyabuswa,,,-25.1167,29.05
0498,Temba,,,-25.365,28.2189
0499,Temba,,,-25.365,28.2189
0500,Thabazimbi,,,-24.6,27.4
0501,Temba,,,-25.365,28.2189
0502,Temba,,,-25.365,28.2189
0503,Temba,,,-25.365,28.2189
0504,Temba,,,-25.365,28.2189
0505,Temba,,,-25.365,28.2189
0506,Temba,,,-25.365,28.2189
0507,Temba,,,-25.365,28.2189
0508,Temba,,,-25.365,28.2189
0510,Nylstroom,,,-24.7,28.4
0512,Nylstroom,,,-24.7,28.4
0513,Nylstroom,,,-24.7,28.4
0514,Nylstroom,,,-24.7,28.4
0515,Nylstroom,,,-24.7,28.4
0516,Nylstroom,,,-24.7,28.4
0517,Nylstroom,,,-24.7,28.4
0531,Ellisras,,,-23.6667,27.7333
0532,Ellisras,,,-23.6667,27.7333
0533,Ellisras,,,-23.6667,27.7333
0534,Ellisras,,,-23.6667,27.7333
0536,Ellisras,,,-23.6667,27.7333
0537,Vaalwater,,,-24.1667,28.1
0539,Nylstroom,,,-24.7,28.4
0541,Potgietersrus,,,-24.1833,29.0167
0555,Ellisras,,,-23.6667,27.7333
0556,Ellisras,,,-23.6667,27.7333
0557,Ellisras,,,-23.6667,27.7333
0560,Naboomspruit,,,-24.5167,28.7167
0561,Naboomspruit,,,-24.5167,28.7167
0562,Naboomspruit,,,-24.5167,28.7167
0564,Naboomspruit,,,-24.5167,28.7167
0580,Naboomspruit,,,-24.5167,28.7167
0580,Roedtan,,,-24.5777,28.202
0601,Potgietersrus,,,-24.1833,29.0167
0602,Potgietersrus,,,-24.1833,29.0167
0603,Potgietersrus,,,-24.1833,29.0167
0604,Potgietersrus,,,-24.1833,29.0167
0605,Potgietersrus,,,-24.1833,29.0167
0606,Potgietersrus,,,-24.1833,29.0167
0607,Potgietersrus,,,-24.1833,29.0167
0608,Potgietersrus,,,-24.1833,29.0167
0609,Potgietersrus,,,-24.1833,29.0167
0610,Potgietersrus,,,-24.1833,29.0167
0611,Potgietersrus,,,-24.1833,29.0167
0612,Potgietersrus,,,-24.1833,29.0167
0613,Potgietersrus,,,-24.1833,29.0167
0615,Potgietersrus,,,-24.1833,29.0167
0616,Nkwe,,,-23.4,28.75
0616,Potgietersrus,,,-24.1833,29.0167
0617,Potgietersrus,,,-24.1833,29.0167
0617,Rebone,,,-24.1833,29.0167
0618,Potgietersrus,,,-24.1833,29.0167
0619,Potgietersrus,,,-24.1833,29.0167
0620,Potgietersrus,,,-24.1833,29.0167
0621,Potgietersrus,,,-24.1833,29.0167
0622,Potgietersrus,,,-24.1833,29.0167
0623,Potgietersrus,,,-24.1833,29.0167
0624,Potgietersrus,,,-24.1833,29.0167
0626,Mahwelereng,,,-24.15,28.9833
0626,Bochum,,,-24.1667,29
0626,Potgietersrus,,,-24.1833,29.0167
0629,Potgietersrus,,,-24.1833,29.0167
0630,Potgietersrus,,,-24.1833,29.0167
0632,Pietersburg,,,-24.1833,29.0167
0633,Mokamole,,,-24.1833,29.0167
0633,Potgietersrus,,,-24.1833,29.0167
0634,Potgietersrus,,,-24.1833,29.0167
0635,Potgietersrus,,,-24.1833,29.0167
0636,Potgietersrus,,,-24.1833,29.0167
0637,Potgietersrus,,,-24.1833,29.0167
0638,Potgietersrus,,,-24.1833,29.0167
0639,Rebone,,,-24.1833,29.0167
0642,Rebone,,,-24.1833,29.0167
0643,Potgieterus,,,-24.1833,29.0167
0644,Potgieterus,,,-24.1833,29.0167
0645,Potgietersrus,,,-24.1833,29.0167
0646,Potgieterus,,,-24.1833,29.0167
0647,Potgieterus,,,-24.1833,29.0167
0648,Potgietersrus,,,-24.1833,29.0167
0649,Potgietersrus,,,-24.1833,29.0167
0650,Potgieterus,,,-24.1833,29.0167
0651,Potgieterus,,,-24.1833,29.0167
0652,Potgietersrus,,,-24.1833,29.0167
0654,Potgietersrus,,,-24.1833,29.0167
0656,Potgietersrus,,,-24.1833,29.0167
0657,Potgietersrus,,,-24.1833,29.0167
0658,Potgietersrus,,,-24.1833,29.0167
0659,Potgietersrus,,,-24.1833,29.0167
0690,Potgietersrus,,,-24.1833,29.0167
0699,Pietersburg,,,-24.1618,29.0088
0699,Seshego,,,-23.85,29.3833
0700,Pietersburg,,,-23.7167,29.3167
0701,Pietersburg,,,-23.7167,29.3167
0702,Pietersburg,,,-23.7167,29.3167
0703,Pietersburg,,,-23.7167,29.3167
0704,Pietersburg,,,-23.7167,29.3167
0705,Ga-Maraba,,,-23.7167,29.3167
0705,Pietersburg,,,-23.7167,29.3167
0706,Pietersburg,,,-23.7167,29.3167
0707,Pietersburg,,,-23.7167,29.3167
0708,Pietersburg,,,-23.7167,29.3167
0709,Pietersburg,,,-23.7167,29.3167
0709,Koloti,,,-23.7167,29.3167
0710,Pietersburg,,,-23.6,29.1667
0710,Lonsdale,,,-23.6,29.1667
0711,Pietersburg,,,-23.3,29.0792
0712,Pietersburg,,,-23.3,29.0792
0713,Pietersburg,,,-23.3,29.0792
0714,Pietersburg,,,-23.4833,29.1833
0714,Neandertal,,,-23.4833,29.1833
0716,Pietersburg,,,-23.3,29.0792
0717,Pietersburg,,,-23.3,29.0792
0718,Raditshaba,,,-22.8333,28.85
0718,Bochum,,,-23.2833,29.1167
0718,Pietersburg,,,-23.0583,28.9833
0719,Pietersburg,,,-23.3,29.0792
0720,Pietersburg,,,-23.8667,29.8056
0721,Dikgale,,,-23.7333,29.7833
0721,Pietersburg,,,-23.7333,29.7833
0722,Pietersburg,,,-23.8667,29.8056
0723,Pietersburg,,,-23.8667,29.8056
0724,Pietersburg,,,-23.8667,29.8056
0725,Pietersburg,,,-23.8667,29.8056
0726,Pietersburg,,,-23.8667,29.8056
0727,Sovenga,,,-23.9333,29.8167
0727,Pietersburg,,,-23.9333,29.8167
0727,Boyne,,,-23.9333,29.8167
0728,Pietersburg,,,-23.9333,29.8167
0728,Boyne,,,-23.9333,29.8167
0729,Lonsdale,,,-23.6,29.1667
0730,Pietersburg,,,-23.9667,29.7
0731,Pietersburg,,,-23.9667,29.7
0732,Mphogodiba,,,-23.9667,29.7
0732,Pietersburg,,,-23.9667,29.7
0733,Pietersburg,,,-23.9667,29.7
0734,Pietersburg,,,-23.9667,29.7
0734,Tholongwe,,,-23.9667,29.7
0735,Pietersburg,,,-23.9667,29.7
0736,Pietersburg,,,-23.9667,29.7
0736,Mphahlele,,,-23.9667,29.7
0737,Pietersburg,,,-23.9667,29.7
0738,Pietersburg,,,-23.9667,29.7
0739,Pietersburg,,,-23.9667,29.7
0740,Pietersburg,,,-23.95,29.1333
0741,Pietersburg,,,-23.95,29.1333
0742,Pietersburg,,,-23.95,29.1333
0743,Pietersburg,,,-23.95,29.1333
0743,Mashashane,,,-23.95,29.1333
0744,Pietersburg,,,-23.95,29.1333
0745,Pietersburg,,,-23.95,29.1333
0745,Chuenespoort,,,-23.95,29.1333
0746,Bakone,,,-23.95,29.1333
0746,Pietersburg,,,-23.95,29.1333
0747,Pietersburg,,,-23.95,29.1333
0748,Juno,,,-23.95,29.1333
0748,Pietersburg,,,-23.95,29.1333
0749,Atok,,,-23.95,29.1333
0749,Pietersburg,,,-23.95,29.1333
0750,Pietersburg,,,-23.6774,29.4869
0751,Seshego,,,-23.85,29.3833
0751,Pietersburg,,,-23.6774,29.4869
0752,Pietersburg,,,-23.6774,29.4869
0753,Pietersburg,,,-23.6774,29.4869
0753,Manyama,,,-23.6774,29.4869
0754,Pietersburg,,,-23.6774,29.4869
0755,Pietersburg,,,-23.6774,29.4869
0756,Pietersburg,,,-23.6774,29.4869
0757,Bakone,,,-23.6774,29.4869
0758,Juno,,,-23.6774,29.4869
0759,Pietersburg,,,-23.6774,29.4869
0760,Pietersburg,,,-23.9333,29.8167
0761,Mphahlele,,,-23.9333,29.8167
0762,Mphahlele,,,-23.9333,29.8167
0763,Sovenga,,,-23.9333,29.8167
0764,Boyne,,,-23.9333,29.8167
0765,Pietersburg,,,-23.9333,29.8167
0766,Boyne,,,-23.9333,29.8167
0767,Lonsdale,,,-23.6,29.1667
0768,Pietersburg,,,-23.9333,29.8167
0769,Pietersburg,,,-23.9333,29.8167
0770,Pietersburg,,,-23.8833,30.4
0771,Letsitele,,,-23.8833,30.4
0772,Letsitele,,,-23.8833,30.4
0773,Pietersburg,,,-23.8833,30.4
0774,Pietersburg,,,-23.8833,30.4
0775,Pietersburg,,,-23.8833,30.4
0776,Pietersburg,,,-23.8833,30.4
0778,Superbia,,,-23.8833,30.4
0779,Superbia,,,-23.8833,30.4
0780,Pietersburg,,,-23.6167,29.3583
0781,Pietersburg,,,-23.6167,29.3583
0782,Pietersburg,,,-23.6167,29.3583
0783,Pietersburg,,,-23.6167,29.3583
0784,Seshego,,,-23.85,29.3833
0785,Mphahlele,,,-23.6167,29.3583
0786,Dendron,,,-23.3833,29.3333
0787,Pietersburg,,,-23.6167,29.3583
0788,Superbia,,,-23.6167,29.3583
0789,Pietersburg,,,-23.6167,29.3583
0790,Bochum,,,-23.2833,29.1167
0791,Pietersburg,,,-23.6774,29.4869
0792,Pietersburg,,,-23.6774,29.4869
0793,Pietersburg,,,-23.6774,29.4869
0794,Pietersburg,,,-23.6774,29.4869
0795,Seshego,,,-23.85,29.3833
0796,Pietersburg,,,-23.6774,29.4869
0797,Pietersburg,,,-23.6774,29.4869
0798,Pietersburg,,,-23.6774,29.4869
0799,Pietersburg,,,-23.6774,29.4869
0800,Pietersburg,,,-23.6861,30.3367
0801,Pietersburg,,,-23.6861,30.3367
0802,Pietersburg,,,-23.6861,30.3367
0805,Pietersburg,,,-23.6861,30.3367
0806,Pietersburg,,,-23.6861,30.3367
0807,Bochum,,,-23.2833,29.1167
0808,Pietersburg,,,-23.6861,30.3367
0809,Pietersburg,,,-23.6861,30.3367
0810,Soekmekaar,,,-23.4833,29.9333
0811,Pietersburg,,,-23.5444,29.9389
0812,Pietersburg,,,-23.45,29.75
0812,Dwars River,,,-23.45,29.75
0813,Pietersburg,,,-23.5444,29.9389
0814,Pietersburg,,,-23.5444,29.9389
0815,Duiwelskloof,,,-23.7,30.1333
0816,Malamulele,,,-23.5444,29.9389
0818,Pietersburg,,,-23.5444,29.9389
0819,Pietersburg,,,-23.5444,29.9389
0820,Pietersburg,,,-23.3167,30.7167
0821,Pietersburg,,,-23.3167,30.7167
0822,Pietersburg,,,-23.3167,30.7167
0823,Pietersburg,,,-23.3167,30.7167
0824,Pietersburg,,,-23.3167,30.7167
0825,Pietersburg,,,-23.3167,30.7167
0826,Giyani,,,-23.3167,30.7167
0827,Molototsi,,,-23.3167,30.7167
0827,Giyani,,,-23.3167,30.7167
0828,Bochum,,,-23.2833,29.1167
0829,Giyani,,,-23.3167,30.7167
0831,Malamulele,,,-23.3167,30.7167
0832,Giyani,,,-23.3167,30.7167
0833,Malamulele,,,-23.3167,30.7167
0834,Giyani,,,-23.3167,30.7167
0836,Juno,,,-23.3167,30.7167
0838,Gakgapane,,,-23.3167,30.7167
0839,Giyani,,,-23.3167,30.7167
0840,Giyani,,,-23.3167,30.7167
0841,Giyani,,,-23.3167,30.7167
0842,Giyani,,,-23.3167,30.7167
0843,Giyani,,,-23.3167,30.7167
0844,Giyani,,,-23.3167,30.7167
0845,Juno,,,-23.3167,30.7167
0846,Giyani,,,-23.3167,30.7167
0847,Gakgapane,,,-23.3167,30.7167
0848,Pietersburg,,,-23.3167,30.7167
0849,Bochum,,,-23.2833,29.1167
0850,Tzaneen,,,-23.8333,30.1667
0852,Tzaneen,,,-23.8333,30.1667
0854,Tzaneen,,,-23.8333,30.1667
0855,Pietersburg,,,-23.8333,30.1667
0857,Tzaneen,,,-23.8333,30.1667
0858,Giyani,,,-23.3167,30.7167
0859,Tzaneen,,,-23.8333,30.1667
0860,Tzaneen,,,-23.8333,30.1667
0861,Tzaneen,,,-23.8333,30.1667
0862,Gakgapane,,,-23.8333,30.1667
0863,Tzaneen,,,-23.8333,30.1667
0864,Pietersburg,,,-23.8333,30.1667
0865,Pietersburg,,,-23.8333,30.1667
0866,Pietersburg,,,-23.8333,30.1667
0867,Pietersburg,,,-23.8333,30.1667
0868,Tzaneen,,,-23.8333,30.1667
0870,Letaba,,,-23.9,30.0667
0871,Tzaneen,,,-23.8333,30.1667
0872,Tzaneen,,,-23.8333,30.1667
0873,Tzaneen,,,-23.8333,30.1667
0873,Shiluvane,,,-24.0333,30.2667
0875,Tzaneen,,,-23.8333,30.1667
0876,Tzaneen,,,-23.8333,30.1667
0877,Letaba,,,-23.9,30.0667
0878,Letaba,,,-23.9,30.0667
0881,Pietersburg,,,-23.8833,30.4
0883,Pietersburg,,,-23.8833,30.4
0884,Pietersburg,,,-23.8833,30.4
0885,Letsitele,,,-23.8833,30.4
0886,Letsitele,,,-23.8833,30.4
0889,Pietersburg,,,-23.8833,30.4
0890,Letsitele,,,-23.8833,30.4
0891,Trichardtsdal,,,-24.1667,30.4
0893,Trichardtsdal,,,-24.1667,30.4
0894,Pietersburg,,,-24.0722,30.4
0896,Trichardtsdal,,,-24.1667,30.4
0897,Gakgapane,,,-24.0722,30.4
0898,Pietersburg,,,-24.0722,30.4
0899,Pietersburg,,,-24.0722,30.4
0900,Messina,,,-22.35,30.05
0901,Louis Trichardt,,,-23.05,29.9
0903,Pietersburg,,,-22.7833,30.1389
0905,Louis Trichardt,,,-23.05,29.9
0906,Sibasa,,,-22.95,30.4667
0907,Sibasa,,,-22.95,30.4667
0909,Louis Trichardt,,,-23.05,29.9
0910,Pietersburg,,,-23.0221,30.336
0912,Pietersburg,,,-23.0221,30.336
0913,Pietersburg,,,-23.0221,30.336
0914,Pietersburg,,,-23.0221,30.336
0915,Giyani,,,-23.3167,30.7167
0916,Juno,,,-23.0221,30.336
0917,Louis Trichardt,,,-23.05,29.9
0920,Louis Trichardt,,,-23.05,29.9
0921,Louis Trichardt,,,-23.05,29.9
0922,Louis Trichardt,,,-23.05,29.9
0923,Louis Trichardt,,,-23.05,29.9
0924,Louis Trichardt,,,-23.05,29.9
0925,Louis Trichardt,,,-23.05,29.9
0926,Sibasa,,,-22.95,30.4667
0927,Malamulele,,,-23.05,29.9
0928,Malamulele,,,-23.05,29.9
0929,Thohoyandou,,,-22.95,30.4833
0930,Giyani,,,-23.3167,30.7167
0931,Giyani,,,-23.3167,30.7167
0932,Giyani,,,-23.3167,30.7167
0933,Giyani,,,-23.3167,30.7167
0934,Louis Trichardt,,,-23.05,29.9
0935,Louis Trichardt,,,-23.05,29.9
0937,Louis Trichardt,,,-23.05,29.9
0939,Louis Trichardt,,,-23.05,29.9
0940,Louis Trichardt,,,-23.05,29.9
0941,Giyani,,,-23.3167,30.7167
0942,Louis Trichardt,,,-23.05,29.9
0943,Louis Trichardt,,,-23.05,29.9
0944,Giyani,,,-23.3167,30.7167
0948,Munzhedzi,,,-23.05,29.9
0948,Louis Trichardt,,,-23.05,29.9
0949,Louis Trichardt,,,-23.05,29.9
0950,Pietersburg,,,-22.8167,30.5083
0952,Thohoyandou,,,-22.95,30.4833
0953,Malamulele,,,-22.8167,30.5083
0954,Louis Trichardt,,,-23.05,29.9
0955,Dzanani,,,-22.8833,30.1667
0955,Sibasa,,,-22.95,30.4667
0956,Mutale,,,-22.4833,30.9167
0957,Louis Trichardt,,,-23.05,29.9
0959,Thohoyandou,,,-22.95,30.4833
0960,Louis Trichardt,,,-23.05,29.9
0964,Pietersburg,,,-22.95,30.4667
0968,Sibasa,,,-22.95,30.4667
0969,Sibasa,,,-22.95,30.4667
0970,Sibasa,,,-22.95,30.4667
0971,Sibasa,,,-22.95,30.4667
0972,Sibasa,,,-22.95,30.4667
0973,Sibasa,,,-22.95,30.4667
0974,Sibasa,,,-22.95,30.4667
0975,Sibasa,,,-22.95,30.4667
0976,Muthathi,,,-22.95,30.4667
0976,Sibasa,,,-22.95,30.4667
0977,Sibasa,,,-22.95,30.4667
0979,Sibasa,,,-22.95,30.4667
0980,Sibasa,,,-22.95,30.4667
0981,Malamulele,,,-23.2119,30.6452
0983,Giyani,,,-23.3167,30.7167
0984,Giyani,,,-23.3167,30.7167
0985,Giyani,,,-23.3167,30.7167
0986,Giyani,,,-23.3167,30.7167
0987,Giyani,,,-23.3167,30.7167
0988,Sibasa,,,-22.95,30.4667
0989,Sibasa,,,-22.95,30.4667
0990,Sibasa,,,-22.95,30.4667
0992,Mungomani,,,-22.95,30.4667
0993,Sibasa,,,-22.95,30.4667
0994,Sibasa,,,-22.95,30.4667
0995,Sibasa,,,-22.95,30.4667
0996,Sibasa,,,-22.95,30.4667
0997,Malamulele,,,-22.95,30.4667
0998,Malamulele,,,-22.95,30.4667
0999,Malamulele,,,-22.95,30.4667
1002,Cullinan,,,-25.6756,28.5222
1003,Cullinan,,,-25.6756,28.5222
1004,Cullinan,,,-25.6756,28.5222
1005,Cullinan,,,-25.6756,28.5222
1007,Malamulele,,,-25.6756,28.5222
1008,Malamulele,,,-25.6756,28.5222
1020,Bronkhorstspruit,,,-25.8083,28.7406
1021,Ekangala,,,-25.6944,28.7483
1021,Bronkhorstspruit,,,-25.8083,28.7406
1022,Bronkhorstspruit,,,-25.8083,28.7406
1022,Kwamhlanga,,,-25.4283,28.7083
1023,Kwamhlanga,,,-25.4283,28.7083
1024,Bronkhorstspruit,,,-25.8083,28.7406
1025,Bronkhorstspruit,,,-25.8083,28.7406
1026,Bronkhorstspruit,,,-25.8083,28.7406
1027,Bronkhorstspruit,,,-25.8083,28.7406
1028,Bronkhorstspruit,,,-25.8083,28.7406
1030,Groblersdal,,,-25.15,29.3833
1030,Siyabuswa,,,-25.1167,29.05
1032,Witbank,,,-25.8667,29.2333
1033,Coalville,,,-26.0333,29.1667
1033,Witbank,,,-25.8667,29.2333
1034,Witbank,,,-25.8667,29.2333
1035,Witbank,,,-25.8667,29.2333
1036,Witbank,,,-25.8667,29.2333
1037,Witbank,,,-25.8667,29.2333
1038,Witbank,,,-25.8667,29.2333
1039,Witbank,,,-25.8667,29.2333
1040,Witbank,,,-25.8667,29.2333
1042,Witbank,,,-25.8667,29.2333
1043,Witbank,,,-25.8667,29.2333
1044,Witbank,,,-25.8667,29.2333
1045,Witbank,,,-25.8667,29.2333
1046,Witbank,,,-25.8667,29.2333
1047,Witbank,,,-25.8667,29.2333
1048,Witbank,,,-25.8667,29.2333
1049,Witbank,,,-25.8667,29.2333
1050,Middelburg,,,-30.05,26.6167
1050,Middleburg,,,-30.05,26.6167
1050,Mpumalanga,,,-30.05,26.6167
1051,Middelburg,,,-26.2333,28.8
1052,Middelburg,,,-26.2333,28.8
1052,Nasaret,,,-26.2333,28.8
1053,Middelburg,,,-26.2333,28.8
1054,Middelburg,,,-26.2333,28.8
1055,Mpumalanga,,,-26.2333,28.8
1055,Middelburg,,,-26.2333,28.8
1056,Middelburg,,,-26.2333,28.8
1057,Nebo,,,-24.9,29.7667
1058,Sekhukhune,,,-26.3611,28.7722
1059,Nebo,,,-24.9,29.7667
1059,Witbank,,,-24.9,29.7667
1060,Groblersdal,,,-25.15,29.3833
1061,Groblersdal,,,-25.15,29.3833
1062,Marble Hall,,,-24.9667,29.3
1063,Sekhukhune,,,-25.625,29.4458
1064,Sekhukhune,,,-25.625,29.4458
1064,Groblersdal,,,-25.15,29.3833
1065,Middelburg,,,-25.7833,29.4667
1066,Middelburg,,,-25.7833,29.4667
1068,Middelburg,,,-25.7833,29.4667
1069,Middelburg,,,-25.7833,29.4667
1070,Middelburg,,,-25.7833,29.4667
1071,Middelburg,,,-25.7833,29.4667
1072,Witbank,,,-25.8667,29.2333
1073,Witbank,,,-25.8667,29.2333
1073,Kwaguqa,,,-25.8667,29.2333
1074,Witbank,,,-25.8667,29.2333
1075,Witbank,,,-25.8667,29.2333
1076,Witbank,,,-25.8667,29.2333
1077,Witbank,,,-25.8667,29.2333
1078,Mpudulle,,,-25.0167,29.7333
1079,Middelburg,,,-25.7833,29.4667
1080,Witbank,,,-25.8667,29.2333
1081,Witbank,,,-25.8667,29.2333
1082,Witbank,,,-25.8667,29.2333
1085,Burgersfort,,,-24.6667,30.3333
1090,Witbank,,,-25.8667,29.2333
1097,Witbank,,,-25.8667,29.2333
1098,Hendrina,,,-26.15,29.7167
1098,Kwazamokuhle,,,-26.15,29.7167
1100,Belfast,,,-25.6833,30.0333
1101,Belfast,,,-25.6833,30.0333
1102,Belfast,,,-25.6833,30.0333
1111,Middelburg,,,-25.7833,29.4667
1112,Witbank,,,-25.8667,29.2333
1120,Lydenburg,,,-25.1,30.45
1121,Belfast,,,-25.6833,30.0333
1122,Lydenburg,,,-25.1,30.45
1123,Lydenburg,,,-25.1,30.45
1126,Lydenburg,,,-25.1,30.45
1127,Sekhukhune,,,-25.1133,30.31
1128,Driekop,,,-24.5833,30.1667
1130,Belfast,,,-25.6833,30.0333
1131,Driekop,,,-24.5833,30.1667
1132,Nelspruit,,,-25.4667,30.9667
1151,Belfast,,,-25.6833,30.0333
1152,Belfast,,,-25.6833,30.0333
1153,Belfast,,,-24.9333,31.3667
1154,Penge,,,-24.3667,30.3
1160,Burgersfort,,,-24.6667,30.3333
1185,Carolina,,,-26.0693,30.1149
1192,Belfast,,,-25.6833,30.0333
1193,Belfast,,,-25.6833,30.0333
1194,Belfast,,,-25.6833,30.0333
1200,Nelspruit,,,-25.4667,30.9667
1201,Nelspruit,,,-25.4667,30.9667
1202,Nelspruit,,,-25.4667,30.9667
1203,Nelspruit,,,-25.4667,30.9667
1204,Nelspruit,,,-25.4667,30.9667
1205,Nelspruit,,,-25.4667,30.9667
1206,Nelspruit,,,-25.4667,30.9667
1207,Nelspruit,,,-25.4667,30.9667
1208,Nelspruit,,,-25.4667,30.9667
1209,Nelspruit,,,-25.4667,30.9667
1211,Nelspruit,,,-25.4667,30.9667
1212,Nelspruit,,,-25.4667,30.9667
1213,Nelspruit,,,-25.4667,30.9667
1214,Kanyamazane,,,-25.4333,31.2
1215,Kanyamazane,,,-25.4333,31.2
1216,Kanyamazane,,,-25.4333,31.2
1217,Kanyamazane,,,-25.4333,31.2
1218,Nelspruit,,,-25.4667,30.9667
1220,Nelspruit,,,-25.4667,30.9667
1222,Nelspruit,,,-25.4667,30.9667
1223,Nelspruit,,,-25.4667,30.9667
1224,Nelspruit,,,-25.4667,30.9667
1227,Acornhoek,,,-24.5833,31.0833
1240,White River,,,-25.3167,31.0167
1240,Hazyview,,,-25.3167,31.0167
1240,Witrivier,,,-25.3167,31.0167
1241,Nelspruit,,,-25.4667,30.9667
1245,White River,,,-25.3167,31.0167
1246,Hazyview,,,-25.0333,31.1167
1246,Mkhuhlu,,,-25.3917,30.9917
1247,Kabokweni,,,-25.3917,30.9917
1248,Nelspruit,,,-25.4667,30.9667
1249,Nelspruit,,,-25.4667,30.9667
1250,Kabokweni,,,-24.9333,31.0917
1251,Kabokweni,,,-24.9333,31.0917
1252,Kabokweni,,,-24.9333,31.0917
1253,Hazyview,,,-25.0333,31.1167
1254,Whiteriver,,,-24.9333,31.0917
1255,Bushbuckridge,,,-24.8333,31.0667
1256,White River,,,-25.3167,31.0167
1260,Sabie,,,-25.1,30.7833
1270,Graskop,,,-24.9333,30.8333
1271,Graskop,,,-24.9333,30.8333
1273,Graskop,,,-24.9333,30.8333
1274,Graskop,,,-24.9333,30.8333
1281,Nelspruit,,,-25.4667,30.9667
1281,Ximhungwe,,,-24.8333,31.0667
1282,Bushbuckridge,,,-24.8333,31.0667
1283,Bushbuckridge,,,-24.8333,31.0667
1284,Bushbuckridge,,,-24.8333,31.0667
1285,Bushbuckridge,,,-24.8333,31.0667
1286,Bosbokrand,,,-24.8333,31.0667
1287,Ximhungwe,,,-24.8333,31.0667
1288,Nelspruit,,,-25.4667,30.9667
1290,Sabie,,,-25.1,30.7833
1295,Nelspruit,,,-25.4667,30.9667
1300,Barberton,,,-25.7833,31.05
1301,Belfast,,,-25.6833,30.0333
1302,Nelspruit,,,-25.4667,30.9667
1303,Barberton,,,-25.7833,31.05
1304,Nelspruit,,,-25.4667,30.9667
1307,Barberton,,,-25.7833,31.05
1309,Barberton,,,-25.7833,31.05
1331,Shongwe Mission,,,-25.4667,31.9
1331,Malelane,,,-25.4833,31.5167
1332,Shongwe Mission,,,-25.4667,31.9
1334,Nelspruit,,,-25.4667,30.9667
1335,Shongwe Mission,,,-25.4667,31.9
1336,Shongwe Mission,,,-25.4667,31.9
1337,Shongwe Mission,,,-25.4667,31.9
1341,Komatipoort,,,-25.4333,31.9333
1342,Komatipoort,,,-25.4333,31.9333
1343,Komatipoort,,,-25.4333,31.9333
1344,Komatipoort,,,-25.4333,31.9333
1345,Komatipoort,,,-25.4333,31.9333
1347,Kwalugedlane,,,-25.7333,31.8167
1348,Kwalugedlane,,,-25.7333,31.8167
1349,Nelspruit,,,-25.4667,30.9667
1350,Nelspruit,,,-25.4667,30.9667
1351,Skukuza,,,-24.9833,31.6
1352,Kwalugedlane,,,-25.7333,31.8167
1353,Skukuza,,,-24.9833,31.6
1354,Skukuza,,,-24.9833,31.6
1355,Nelspruit,,,-25.4667,30.9667
1356,Skukuza,,,-24.9833,31.6
1360,Nelspruit,,,-24.5833,31.0833
1360,Acornhoek,,,-24.5833,31.0833
1361,Acornhoek,,,-24.5833,31.0833
1362,Hluvukani,,,-24.65,31.3333
1363,Hluvukani,,,-24.65,31.3333
1364,Hluvukani,,,-24.65,31.3333
1365,Thulamahashe,,,-24.6167,31.2083
1365,Acornhoek,,,-24.5833,31.0833
1366,Thulamahashe,,,-24.6167,31.2083
1367,Acornhoek,,,-24.5833,31.0833
1368,Ximhungwe,,,-24.6167,31.2083
1369,Thulamahashe,,,-24.6167,31.2083
1370,Acornhoek,,,-24.5833,31.0833
1371,Hoedspruit,,,-24.35,30.9667
1377,Kwalugedlane,,,-25.7333,31.8167
1378,Acornhoek,,,-24.5833,31.0833
1382,Hoedspruit,,,-24.35,30.9667
1384,Hoedspruit,,,-24.35,30.9667
1390,Phalaborwa,,,-23.95,31.1167
1391,Phalaborwa,,,-23.95,31.1167
1392,Phalaborwa,,,-23.95,31.1167
1393,Phalaborwa,,,-23.95,31.1167
1394,Phalaborwa,,,-23.95,31.1167
1395,Phalaborwa,,,-23.95,31.1167
1396,Phalaborwa,,,-23.95,31.1167
1397,Namakgale,,,-23.95,31.0333
1401,Primrose,,,-26.1833,28.1667
1401,Delmore,,,-26.2,28.175
1401,Germiston,,,-26.2167,28.1833
1402,Germiston,,,-26.2167,28.1833
1403,Germiston,,,-26.2167,28.1833
1404,Delmore,,,-26.2167,28.1833
1404,Germiston,,,-26.2167,28.1833
1405,Germiston,,,-26.2167,28.1833
1407,Germiston,,,-26.2167,28.1833
1408,Germiston,,,-26.2167,28.1833
1409,Elsburg,,,-26.2333,28.2
1410,Germiston,,,-26.2167,28.1833
1411,Germiston,,,-26.2167,28.1833
1412,Germiston,,,-26.2167,28.1833
1413,Germiston,,,-26.2167,28.1833
1414,Germiston,,,-26.2167,28.1833
1415,Germiston,,,-26.2167,28.1833
1416,Germiston,,,-26.2167,28.1833
1417,Germiston,,,-26.2167,28.1833
1418,Germiston,,,-26.2167,28.1833
1419,Germiston,,,-26.2167,28.1833
1420,Germiston,,,-26.2167,28.1833
1421,Katlehong,,,-26.3333,28.15
1422,Germiston,,,-26.2167,28.1833
1423,Germiston,,,-26.2167,28.1833
1424,Germiston,,,-26.2167,28.1833
1425,Katlehong,,,-26.3333,28.15
1426,Tokoza,,,-26.3667,28.0667
1426,Katlehong,,,-26.3333,28.15
1426,Tokoza Ext,,,-26.35,28.1083
1427,Tokoza Ext,,,-26.3667,28.0667
1427,Tokoza,,,-26.3667,28.0667
1428,Alrode,,,-26.3,28.1333
1428,Elsburg,,,-26.3,28.1333
1428,Germiston,,,-26.3,28.1333
1429,Elandsfontein,,,-26.3833,27.8667
1429,Germiston,,,-26.2167,28.1833
1430,Germiston,,,-26.2167,28.1833
1431,Katlehong Ext,,,-26.3583,28.2667
1431,Katlehong,,,-26.3333,28.15
1434,Katlehong,,,-26.3333,28.15
1434,Kwenzekile,,,-26.3583,28.2667
1434,Katlehong Ext,,,-26.3583,28.2667
1434,Germiston,,,-26.2167,28.1833
1435,Katlehong Ext,,,-26.3583,28.2667
1436,Katlehong Ext,,,-26.3583,28.2667
1437,Katlehong,,,-26.3333,28.15
1438,Gauteng,,,-26.3583,28.2667
1439,Heidelberg,,,-26.5,28.35
1440,Heidelberg,,,-26.5,28.35
1441,Gauteng,,,-26.5,28.35
1441,Heidelberg,,,-26.5,28.35
1442,Heidelberg,,,-26.5,28.35
1443,Heidelberg,,,-26.5,28.35
1444,Heidelberg,,,-26.5,28.35
1445,Katlehong,,,-26.3333,28.15
1446,Boksburg,,,-26.2167,28.25
1447,Alberton,,,-26.2333,28.1333
1448,Alberton,,,-26.2333,28.1333
1449,Alberton,,,-26.2333,28.1333
1451,Alrode,,,-26.2333,28.1333
1451,Alberton,,,-26.2333,28.1333
1452,Alberton,,,-26.2333,28.1333
1453,Alberton,,,-26.2333,28.1333
1454,Alberton,,,-26.2333,28.1333
1455,Alberton,,,-26.2333,28.1333
1456,Alberton,,,-26.2333,28.1333
1457,Alberton,,,-26.2333,28.1333
1458,Alberton,,,-26.2333,28.1333
1459,Boksburg,,,-26.2167,28.25
1460,Boksburg,,,-26.2167,28.25
1461,Boksburg,,,-26.2167,28.25
1462,Boksburg,,,-26.1786,28.2459
1463,Boksburg,,,-26.2167,28.25
1464,Boksburg,,,-26.2167,28.25
1465,Boksburg,,,-26.2167,28.25
1466,Boksburg,,,-26.2167,28.25
1467,Boksburg,,,-26.2167,28.25
1469,Boksburg,,,-26.2167,28.25
1470,Boksburg,,,-26.1749,28.2494
1471,Boksburg,,,-26.2167,28.25
1472,Boksburg,,,-26.2167,28.25
1473,Rusloo,,,-26.2167,28.25
1474,Boksburg,,,-26.2167,28.25
1475,Rusloo,,,-26.2167,28.25
1477,Boksburg,,,-26.2167,28.25
1478,Boksburg,,,-26.2167,28.25
1479,Boksburg,,,-26.2167,28.25
1481,Alberton,,,-26.2333,28.1333
1482,Boksburg,,,-26.2167,28.25
1484,Alrode,,,-26.3,28.1333
1485,Boksburg,,,-26.2167,28.25
1486,Rusloo,,,-26.2753,28.2279
1490,Nigel,,,-26.4167,28.4667
1491,Nigel,,,-26.4167,28.4667
1492,Nigel,,,-26.4167,28.4667
1494,Nigel,,,-26.4167,28.4667
1494,Duduza,,,-26.3667,28.4167
1495,Nigel,,,-26.4167,28.4667
1496,Nigel,,,-26.4167,28.4667
1496,Duduza,,,-26.3667,28.4167
1496,Dunnottar,,,-26.35,28.4167
1497,Germiston,,,-26.2167,28.1833
1501,Petit,,,-26.1,28.3833
1501,Benoni,,,-26.1833,28.3167
1502,Benoni,,,-26.1833,28.3167
1503,Benoni,,,-26.1833,28.3167
1504,Benoni,,,-26.1833,28.3167
1505,Benoni,,,-26.1833,28.3167
1506,Benoni,,,-26.1833,28.3167
1507,Benoni,,,-26.1833,28.3167
1508,Benoni,,,-26.1833,28.3167
1509,Benoni,,,-26.1833,28.3167
1511,Benoni,,,-26.1833,28.3167
1512,Petit,,,-26.1,28.3833
1513,Putfontein,,,-26.1167,28.4
1514,Benoni,,,-26.1833,28.3167
1515,Benoni,,,-26.1833,28.3167
1516,Benoni,,,-26.1833,28.3167
1517,Benoni,,,-26.1833,28.3167
1518,Benoni,,,-26.1833,28.3167
1519,Daveyton,,,-26.15,28.4167
1519,Ethwathwa West Uit 2,,,-26.15,28.4167
1520,Daveyton,,,-26.15,28.4167
1520,Benoni,,,-26.1833,28.3167
1521,Daveyton,,,-26.15,28.4167
1522,Benoni,,,-26.1833,28.3167
1524,Benoni,,,-26.1833,28.3167
1525,Benoni,,,-26.1833,28.3167
1526,Benoni,,,-26.1833,28.3167
1527,Benoni,,,-26.1833,28.3167
1540,Brakpan,,,-26.2333,28.3667
1541,Brakpan,,,-26.2333,28.3667
1541,Minnebron,,,-26.2333,28.3667
1541,Brakpan North,,,-26.2333,28.3667
1541,Dalpark,,,-26.2333,28.3667
1542,Brakpan,,,-26.2333,28.3667
1543,Brakpan,,,-26.2333,28.3667
1544,Brakpan,,,-26.2333,28.3667
1545,Brakpan North,,,-26.2333,28.3667
1545,Brakpan,,,-26.2333,28.3667
1546,Brakpan,,,-26.2333,28.3667
1547,Brakpan,,,-26.2333,28.3667
1548,Brakpan,,,-26.2333,28.3667
1549,Minnebron,,,-26.2333,28.3667
1549,Brakpan,,,-26.2333,28.3667
1550,Brakpan,,,-26.2333,28.3667
1550,Tsakane,,,-26.35,28.3833
1551,Tsakane,,,-26.35,28.3833
1552,Dalpark,,,-26.2333,28.3667
1552,Brakpan,,,-26.2333,28.3667
1553,Brakpan,,,-26.2333,28.3667
1554,Brakpan,,,-26.2333,28.3667
1558,Springs,,,-26.25,28.4
1559,Springs,,,-26.25,28.4
1562,Springs,,,-26.25,28.4
1563,Springs,,,-26.25,28.4
1564,Springs,,,-26.25,28.4
1565,Springs,,,-26.25,28.4
1566,Springs,,,-26.25,28.4
1567,Springs,,,-26.25,28.4
1568,Springs,,,-26.25,28.4
1569,Springs,,,-26.25,28.4
1570,Springs,,,-26.25,28.4
1571,Springs,,,-26.25,28.4
1572,Springs,,,-26.25,28.4
1574,Springs,,,-26.25,28.4
1575,Springs,,,-26.25,28.4
1575,Kwathema,,,-26.3,28.4
1576,Kwathema,,,-26.3,28.4
1577,Springs,,,-26.25,28.4
1578,Springs,,,-26.25,28.4
1590,Nigel,,,-26.4167,28.4667
1609,Gauteng,,,-26.1083,28.175
1609,Modderfontein,,,-26.0833,28.1667
1609,Edenvale,,,-26.1333,28.1833
1610,Gauteng,,,-26.1222,28.2056
1611,Edenvale,,,-26.1333,28.1833
1612,Edenvale,,,-26.1333,28.1833
1613,Edenvale,,,-26.1333,28.1833
1614,Edenvale,,,-26.1333,28.1833
1618,Kempton Park,,,-26.1,28.25
1619,Kempton Park,,,-26.1,28.25
1621,Kempton Park,,,-26.1,28.25
1622,Kempton Park,,,-26.1,28.25
1623,Kempton Park,,,-26.1,28.25
1624,Kempton Park,,,-26.1,28.25
1625,Kempton Park,,,-26.1,28.25
1626,Kempton Park,,,-26.1,28.25
1627,Kempton Park,,,-26.1,28.25
1628,Kempton Park,,,-26.1,28.25
1629,Kempton Park,,,-26.1,28.25
1630,Kempton Park,,,-26.1,28.25
1631,Kempton Park,,,-26.1,28.25
1632,Tembisa,,,-26.1,28.25
1632,Rabie Ridge,,,-26.1,28.25
1632,Tembisa Ext,,,-26.1,28.25
1632,Kempton Park,,,-26.1,28.25
1634,Kempton Park,,,-26.1,28.25
1635,Tembisa Ext,,,-26.0762,28.2452
1635,Tembisa,,,-25.9989,28.2269
1636,Tembisa,,,-26.0167,28.2333
1637,Tembisa,,,-26.0167,28.2333
1638,Kempton Park,,,-26.1,28.25
1639,Kempton Park,,,-26.1,28.25
1640,Tembisa,,,-25.9989,28.2269
1645,Edenvale,,,-26.1333,28.1833
1666,Olifantsfontein,,,-25.9639,28.2394
1667,Olifantsfontein,,,-25.9639,28.2394
1684,Halfway House,,,-25.9833,28.1167
1685,Halfway House,,,-25.9833,28.1167
1686,Halfway House,,,-25.9833,28.1167
1687,Halfway House,,,-25.9833,28.1167
1687,Noordwyk,,,-25.9833,28.1167
1688,Tembisa,,,-25.9989,28.2269
1688,Rabie Ridge,,,-25.9989,28.2269
1689,Tembisa,,,-25.9989,28.2269
1689,Ivory Park,,,-25.9911,28.1718
1689,Halfway House,,,-25.9833,28.1167
1690,Tembisa,,,-25.9989,28.2269
1691,Tembisa,,,-25.9989,28.2269
1692,Halfway House,,,-25.9833,28.1167
1693,Ivory Park,,,-25.9911,28.1718
1693,Tembisa,,,-25.9989,28.2269
1693,Halfway House,,,-25.9833,28.1167
1700,Florida,,,-26.1667,27.9167
1701,Florida,,,-29.9333,26.15
1708,Florida,,,-26.1667,27.9167
1709,Allen'S Nek,,,-31.6667,28.0333
1709,Florida,,,-29.9333,26.15
1711,Florida,,,-26.1667,27.9167
1712,Florida,,,-26.1667,27.9167
1714,Roodepoort,,,-26.1667,27.8667
1715,Florida,,,-26.1667,27.9167
1716,Florida,,,-26.1667,27.9167
1717,Roodepoort,,,-26.1667,27.8667
1718,Krugersdorp,,,-26.1,27.7667
1723,Dobsonville,,,-26.2167,27.8667
1724,Rooderpoort,,,-26.1767,27.8667
1724,Florida,,,-26.1667,27.9167
1724,Strubensvallei,,,-26.1767,27.8667
1724,Strubens Valley,,,-26.1767,27.8667
1724,Roodepoort,,,-26.1667,27.8667
1725,Roodepoort,,,-26.1667,27.8667
1726,Roodepoort,,,-26.1667,27.8667
1728,Roodepoort,,,-26.1667,27.8667
1729,Roodepoort,,,-26.1667,27.8667
1730,Roodepoort,,,-26.1667,27.8667
1731,Roodepoort,,,-26.1667,27.8667
1732,Roodepoort,,,-26.1667,27.8667
1733,Roodepoort,,,-26.1667,27.8667
1734,Roodepoort,,,-26.1667,27.8667
1735,Strubens Valley,,,-26.1667,27.8667
1735,Strubensvallei,,,-26.1667,27.8667
1735,Roodepoort,,,-26.1667,27.8667
1736,Roodepoort,,,-26.1667,27.8667
1737,Allen'S Nek,,,-31.6667,28.0333
1739,Krugersdorp,,,-26.1,27.7667
1739,Muldersdrif,,,-26.1,27.7667
1739,Kagiso,,,-26.1,27.7667
1741,Krugersdorp,,,-26.1,27.7667
1742,Krugersdorp,,,-26.1,27.7667
1743,Krugersdorp,,,-26.1,27.7667
1744,Krugersdorp,,,-26.1,27.7667
1744,Kagiso,,,-26.1,27.7667
1745,Krugersdorp,,,-26.1,27.7667
1746,Krugersdorp,,,-26.1,27.7667
1747,Muldersdrif,,,-26.0333,27.85
1747,Krugersdorp,,,-26.0333,27.85
1748,Krugersdorp,,,-26.1,27.7667
1749,Krugersdorp,,,-26.1,27.7667
1751,Krugersdorp,,,-26.1,27.7667
1752,Krugersdorp,,,-26.1,27.7667
1753,Kagiso,,,-26.1333,27.7833
1754,Krugersdorp,,,-26.1,27.7667
1754,Kagiso,,,-26.1333,27.7833
1756,Krugersdorp,,,-26.1,27.7667
1759,Randfontein,,,-26.1667,27.7
1759,Mohlakeng,,,-26.2333,27.7
1759,Kocksvlei,,,-26.1111,27.7722
1760,Randfontein,,,-26.1667,27.7
1763,Randfontein,,,-26.1667,27.7
1764,Kocksvlei,,,-26.1667,27.7
1764,Randfontein,,,-26.1667,27.7
1765,Randfontein,,,-26.1667,27.7
1766,Mohlakeng,,,-26.2333,27.7
1766,Randfontein,,,-26.1667,27.7
1767,Randfontein,,,-26.1667,27.7
1771,Randfontein,,,-26.1667,27.7
1772,Westonaria,,,-26.3167,27.65
1773,Rooderpoort,,,-26.3,27.6833
1774,Roodepoort,,,-26.1667,27.8667
1775,Krugersdorp,,,-26.1,27.7667
1779,Bekkersdal,,,-26.2833,27.7167
1779,Westonaria,,,-26.2833,27.7167
1780,Westonaria,,,-26.3167,27.65
1781,Westonaria,,,-26.3167,27.65
1782,Bekkersdal,,,-26.3167,27.65
1782,Westonaria,,,-26.3167,27.65
1784,Westonaria,,,-26.3167,27.65
1785,Westonaria,,,-26.3167,27.65
1786,Westonaria,,,-26.3167,27.65
1787,Westonaria,,,-26.3167,27.65
1788,Westonaria,,,-26.3167,27.65
1789,Westonaria,,,-26.3167,27.65
1791,Krugersdorp,,,-26.1,27.7667
1794,Roodepoort,,,-26.1667,27.8667
1801,Dube,,,-26.25,27.9167
1801,Meadowlands,,,-26.2,27.8833
1803,Meadowlands,,,-26.2,27.8833
1803,Soweto,,,-26.2667,27.8667
1804,Diepkloof,,,-26.2333,27.9333
1804,Orlando,,,-26.25,27.9167
1804,Soweto,,,-26.2667,27.8667
1805,Orange Farm,,,-26.2474,27.8987
1806,Orlando,,,-26.25,27.9167
1807,Orlando,,,-26.25,27.9167
1808,Soweto,,,-26.2583,27.9083
1808,Pimville,,,-26.2667,27.9
1808,Orlando,,,-26.25,27.9167
1809,Pimville,,,-26.2667,27.9
1809,Lenasia,,,-26.2667,27.8833
1809,Soweto,,,-26.2667,27.8667
1811,Pimville,,,-26.2667,27.9
1811,Eldoradopark,,,-26.3,27.9
1812,Eldoradopark,,,-26.3,27.9
1813,Eldoradopark,,,-26.3,27.9
1814,Tshiawelo,,,-26.2917,27.9
1815,Tshiawelo,,,-26.2917,27.9
1816,Tshiawelo,,,-26.2917,27.9
1818,Protea Glen,,,-26.2917,27.9
1818,Tshiawelo,,,-26.2917,27.9
1819,Protea Glen,,,-26.2917,27.9
1819,Tshiawelo,,,-26.2917,27.9
1820,Gauteng,,,-26.3567,27.8333
1821,Lenasia,,,-26.3167,27.8333
1821,Eldoradopark,,,-26.3,27.9
1823,Lenasia,,,-26.3167,27.8333
1824,Ennerdale,,,-26.4167,27.8333
1825,Ennerdale,,,-26.4167,27.8333
1827,Gauteng,,,-26.3567,27.8333
1827,Lenasia,,,-26.3167,27.8333
1828,Lenasia,,,-26.3167,27.8333
1829,Lenasia,,,-26.3167,27.8333
1830,Ennerdale,,,-26.3167,27.8333
1830,Lenasia,,,-26.3167,27.8333
1830,Odin Park,,,-26.3167,27.8333
1831,Odin Park,,,-26.3167,27.8333
1832,Eldoradopark,,,-26.3,27.9
1833,Lenasia,,,-26.3167,27.8333
1834,Protea Glen,,,-26.3167,27.8333
1835,Lenasia,,,-26.3167,27.8333
1837,Pimville,,,-26.2667,27.9
1838,Lenasia,,,-26.3167,27.8333
1841,Orange Farm,,,-26.2328,27.9265
1852,Meadowlands,,,-26.2,27.8833
1853,Meadowlands,,,-26.2,27.8833
1860,Tshiawelo,,,-25.4333,28.2889
1861,Naledi,,,-23.8333,29.0833
1862,Diepkloof,,,-26.4667,28.2333
1863,Orlando,,,-26.25,27.9167
1863,Dobsonville,,,-26.2167,27.8667
1865,Dobsonville,,,-26.2167,27.8667
1865,Orlando,,,-26.25,27.9167
1866,Kwaxuma,,,-25.4333,28.2889
1868,Kwaxuma,,,-25.4333,28.2889
1870,Orlando,,,-26.25,27.9167
1871,Meyerton,,,-26.5667,28.0167
1872,Meyerton,,,-26.5667,28.0167
1873,Meyerton,,,-26.5667,28.0167
1873,Randvaal,,,-26.5667,28.0167
1874,Dobsonville,,,-26.2167,27.8667
1875,Dobsonville,,,-26.2167,27.8667
1876,Walkerville,,,-26.4167,27.9667
1876,Meyerton,,,-26.4167,27.9667
1884,De Deur,,,-26.5333,27.9333
1900,Vanderbijlpark,,,-26.7,27.8167
1901,Vanderbijlpark,,,-26.7,27.8167
1902,Vanderbijlpark,,,-26.7,27.8167
1903,Vanderbijlpark,,,-26.7,27.8167
1904,Vereeniging,,,-26.6667,27.9333
1905,Vanderbijlpark,,,-26.7,27.8167
1906,Vanderbijlpark,,,-26.7,27.8167
1907,Mafatsana,,,-26.5833,27.8333
1907,Sebokeng,,,-26.5833,27.8333
1908,Vanderbijlpark,,,-26.7,27.8167
1908,Masoheng,,,-26.7,27.8167
1910,Vanderbijlpark,,,-26.7,27.8167
1911,Vanderbijlpark,,,-26.7,27.8167
1912,Vanderbijlpark,,,-26.7,27.8167
1913,Sharpeville,,,-26.6833,27.8833
1914,Palm Springs,,,-26.6972,27.8278
1914,Sebokeng,,,-26.5833,27.8333
1915,Vanderbijlpark,,,-26.7,27.8167
1916,Vanderbijlpark,,,-26.7,27.8167
1918,Meyerton,,,-26.5667,28.0167
1928,Krugersdorp,,,-26.1,27.7667
1928,Vereeniging,,,-26.6667,27.9333
1928,Sharpeville,,,-26.6833,27.8833
1929,Vereeniging,,,-26.6667,27.9333
1932,Deneysville,,,-26.8833,28.1
1933,Vereeniging,,,-26.6667,27.9333
1933,Krugersdorp,,,-26.1,27.7667
1934,Vereeniging,,,-26.6667,27.9333
1935,Vereeniging,,,-26.6667,27.9333
1936,Vereeniging,,,-26.6667,27.9333
1936,Roshnee,,,-26.5667,27.9333
1937,Vereeniging,,,-26.6667,27.9333
1938,Meyerton,,,-26.5667,28.0167
1939,Vereeniging,,,-26.6667,27.9333
1940,Bedworth Park,,,-26.7167,27.8833
1940,Vereeniging,,,-26.6667,27.9333
1941,Vereeniging,,,-26.6667,27.9333
1942,Vereeniging,,,-26.6667,27.9333
1943,Vereeniging,,,-26.6667,27.9333
1944,Vereeniging,,,-26.6667,27.9333
1946,Kragbron,,,-26.9,27.8833
1946,Sasolburg,,,-26.8167,27.8167
1947,Sasolburg,,,-26.8167,27.8167
1948,Sasolburg,,,-26.8167,27.8167
1949,Zamdela,,,-26.8333,27.85
1949,Sasolburg,,,-26.8167,27.8167
1961,Meyerton,,,-26.5667,28.0167
1962,Meyerton,,,-26.5667,28.0167
1963,Meyerton,,,-26.5667,28.0167
1980,Sebokeng,,,-26.5833,27.8333
1980,Mafatsana,,,-26.5833,27.8333
1980,Residensia,,,-26.5833,27.8333
1981,Mafatsana,,,-26.5833,27.8333
1981,Sebokeng,,,-26.5833,27.8333
1983,Sebokeng,,,-26.5833,27.8333
1984,Palm Springs,,,-26.5833,27.8333
1984,Mafatsana,,,-26.5833,27.8333
1984,Sebokeng,,,-26.5833,27.8333
1984,Residensia,,,-26.5833,27.8333
1995,Oranjeville,,,-26.9833,28.2
2000,Johannesburg,,,-26.2,28.0833
2001,Johannesburg,,,-26.2,28.0833
2003,Johannesburg,,,-26.2,28.0833
2004,Johannesburg,,,-26.2,28.0833
2005,Johannesburg,,,-26.2,28.0833
2006,Johannesburg,,,-26.2,28.0833
2007,Bedfordview,,,-26.1667,28.15
2007,Johannesburg,,,-26.2,28.0833
2008,Johannesburg,,,-26.2,28.0833
2009,Johannesburg,,,-26.2,28.0833
2010,Johannesburg,,,-26.2,28.0833
2011,Johannesburg,,,-26.2,28.0833
2012,Johannesburg,,,-26.2,28.0833
2013,Johannesburg,,,-26.2,28.0833
2014,Johannesburg,,,-26.2,28.0833
2015,Johannesburg,,,-26.2,28.0833
2016,Johannesburg,,,-26.2,28.0833
2017,Johannesburg,,,-26.2,28.0833
2018,Johannesburg,,,-26.2,28.0833
2019,Johannesburg,,,-26.2,28.0833
2020,Johannesburg,,,-26.2,28.0833
2021,Bryanston,,,-26.2,28.0833
2021,Johannesburg,,,-26.2,28.0833
2022,Johannesburg,,,-26.2,28.0833
2023,Johannesburg,,,-26.2,28.0833
2024,Johannesburg,,,-26.2,28.0833
2026,Johannesburg,,,-26.1805,28.1034
2028,Johannesburg,,,-26.2,28.0833
2030,Johannesburg,,,-26.2,28.0833
2031,Johannesburg,,,-26.2,28.0833
2031,Bryanston,,,-26.2,28.0833
2031,Strathavon,,,-26.2,28.0833
2032,Randburg,,,-26.1,27.9833
2033,Johannesburg,,,-26.2,28.0833
2034,Johannesburg,,,-26.2,28.0833
2035,Johannesburg,,,-26.2,28.0833
2036,Johannesburg,,,-26.2,28.0833
2037,Johannesburg,,,-26.2,28.0833
2038,Johannesburg,,,-26.2,28.0833
2040,Johannesburg,,,-26.2,28.0833
2041,Johannesburg,,,-26.1928,28.0711
2042,Johannesburg,,,-26.2,28.0833
2043,Johannesburg,,,-26.2,28.0833
2044,Johannesburg,,,-26.2,28.0833
2047,Johannesburg,,,-26.2,28.0833
2048,Johannesburg,,,-26.2,28.0833
2049,Johannesburg,,,-26.2,28.0833
2050,Johannesburg,,,-26.2,28.0833
2051,Johannesburg,,,-26.2,28.0833
2052,Bryanston,,,-26.05,28.0333
2053,Johannesburg,,,-26.2,28.0833
2054,Bramley,,,-26.2,28.0833
2054,Johannesburg,,,-26.2,28.0833
2055,Four Ways,,,-26.0333,27.9833
2055,Johannesburg,,,-26.2,28.0833
2055,Bryanston,,,-26.1167,28.0333
2056,Bryanston,,,-26.05,28.0333
2056,Paulshof,,,-26.05,28.0333
2057,Bryanston,,,-26.05,28.0333
2058,Johannesburg,,,-26.2,28.0833
2059,Johannesburg,,,-26.2,28.0833
2060,Johannesburg,,,-26.2,28.0833
2060,Bryanston,,,-26.2,28.0833
2061,Johannesburg,,,-26.2,28.0833
2062,Johannesburg,,,-26.2,28.0833
2063,Marlboro,,,-26.2,28.0833
2063,Johannesburg,,,-26.2,28.0833
2064,Johannesburg,,,-26.2,28.0833
2065,Johannesburg,,,-26.2,28.0833
2066,Bramley,,,-26.2,28.0833
2067,Magalies View,,,-26.2,28.0833
2067,Magaliessig,,,-26.2,28.0833
2068,Witkoppen,,,-26.2,28.0833
2069,Bryanston,,,-26.05,28.0333
2070,Johannesburg,,,-26.2,28.0833
2070,Hurlingham View,,,-26.2,28.0833
2072,Bryanston,,,-26.05,28.0333
2073,Bramley,,,-26.2,28.0833
2074,Johannesburg,,,-26.2,28.0833
2076,Johannesburg,,,-26.141,28.06
2077,Bryanston,,,-26.05,28.0333
2078,Johannesburg,,,-26.2,28.0833
2081,Johannesburg,,,-26.2,28.0833
2082,Johannesburg,,,-26.2,28.0833
2090,Bramley,,,-26.2,28.0833
2090,Marlboro,,,-26.2,28.0833
2090,Johannesburg,,,-26.2,28.0833
2091,Johannesburg,,,-26.2,28.0833
2092,Johannesburg,,,-26.2,28.0833
2093,Johannesburg,,,-26.2,28.0833
2094,Jeppestown,,,-26.2,28.0833
2094,Johannesburg,,,-26.2,28.0833
2095,Johannesburg,,,-26.2,28.0833
2100,Johannesburg,,,-26.2,28.0833
2101,Johannesburg,,,-26.2,28.0833
2102,Johannesburg,,,-26.2,28.0833
2103,Johannesburg,,,-26.2,28.0833
2104,Johannesburg,,,-26.2,28.0833
2105,Johannesburg,,,-26.2,28.0833
2106,Johannesburg,,,-26.2,28.0833
2107,Johannesburg,,,-26.2,28.0833
2108,Johannesburg,,,-26.2,28.0833
2109,Johannesburg,,,-26.2,28.0833
2110,Johannesburg,,,-26.2,28.0833
2111,Marshalltown,,,-26.2,28.0833
2112,Johannesburg,,,-26.2,28.0833
2113,Johannesburg,,,-26.2,28.0833
2114,Florida,,,-26.2,28.0833
2114,Johannesburg,,,-26.2,28.0833
2115,Johannesburg,,,-26.2,28.0833
2116,Johannesburg,,,-26.13,28.0686
2117,Johannesburg,,,-26.2,28.0833
2118,Johannesburg,,,-26.2,28.0833
2119,Johannesburg,,,-26.2,28.0833
2120,Johannesburg,,,-26.2,28.0833
2121,Johannesburg,,,-26.2,28.0833
2122,Johannesburg,,,-26.2,28.0833
2123,Johannesburg,,,-26.2,28.0833
2124,Johannesburg,,,-26.2,28.0833
2128,Johannesburg,,,-26.2,28.0833
2128,Rivonia,,,-26.05,28.05
2128,Bryanston,,,-26.05,28.0333
2129,Johannesburg,,,-26.2,28.0833
2130,Johannesburg,,,-26.2,28.0833
2131,Johannesburg,,,-26.2,28.0833
2132,Johannesburg,,,-26.2,28.0833
2134,Johannesburg,,,-26.2,28.0833
2135,Johannesburg,,,-26.2,28.0833
2136,Johannesburg,,,-26.2,28.0833
2137,Johannesburg,,,-26.2,28.0833
2139,Johannesburg,,,-26.2,28.0833
2140,Johannesburg,,,-26.2,28.0833
2141,Johannesburg,,,-26.2,28.0833
2142,Johannesburg,,,-26.2,28.0833
2143,Johannesburg,,,-26.2,28.0833
2144,Bramley,,,-26.2,28.0833
2145,Johannesburg,,,-26.2,28.0833
2147,Johannesburg,,,-26.2,28.0833
2148,Bramley,,,-26.2,28.0833
2148,Johannesburg,,,-26.2,28.0833
2149,Johannesburg,,,-26.2,28.0833
2151,Johannesburg,,,-26.2,28.0833
2152,Bryanston,,,-26.2,28.0833
2152,Johannesburg,,,-26.2,28.0833
2153,Johannesburg,,,-26.2,28.0833
2153,Jukskeipark,,,-26.2,28.0833
2154,Bromhof,,,-26.2,28.0833
2154,Johannesburg,,,-26.2,28.0833
2155,Northwold,,,-26.2,28.0833
2155,Johannesburg,,,-26.2,28.0833
2156,Johannesburg,,,-26.2,28.0833
2156,Randpark Ridge,,,-26.2,28.0833
2157,Johannesburg,,,-26.2,28.0833
2158,Johannesburg,,,-26.2,28.0833
2159,Johannesburg,,,-26.2,28.0833
2160,Johannesburg,,,-26.2,28.0833
2161,Johannesburg,,,-26.2,28.0833
2162,North Riding,,,-26.2,28.0833
2163,Johannesburg,,,-26.2,28.0833
2164,Johannesburg,,,-26.2,28.0833
2165,Bryanston,,,-26.05,28.0333
2167,Randburg,,,-26.1,27.9833
2169,North Riding,,,-26.2,28.0833
2169,Johannesburg,,,-26.2,28.0833
2169,Randpark Ridge,,,-26.2,28.0833
2170,Johannesburg,,,-26.2,28.0833
2170,Randburg,,,-26.2,28.0833
2171,Johannesburg,,,-26.2,28.0833
2172,Sandton,,,-26.05,27.9667
2188,Bromhof,,,-26.1894,28.0779
2188,Jukskeipark,,,-26.1894,28.0779
2188,Johannesburg,,,-26.2,28.0833
2188,Northwold,,,-26.1894,28.0779
2189,Bryanston,,,-26.05,28.0333
2190,Johannesburg,,,-26.2,28.0833
2190,Rosettenville,,,-26.25,28.05
2191,Rivonia,,,-26.05,28.05
2191,Johannesburg,,,-26.2,28.0833
2191,Bryanston,,,-26.05,28.0333
2191,Witkoppen,,,-26.1,28.0556
2191,Paulshof,,,-26.1,28.0556
2191,Four Ways,,,-26.1,28.0556
2192,Johannesburg,,,-26.2,28.0833
2192,Orange Grove,,,-26.1667,28.0833
2193,Johannesburg,,,-26.1673,28.0336
2194,Johannesburg,,,-26.2,28.0833
2194,Randburg,,,-26.1,27.9833
2195,Johannesburg,,,-26.2,28.0833
2195,Roosevelt Park,,,-26.15,27.9833
2196,Bryanston,,,-26.1345,28.0529
2196,Sandton,,,-26.1,28.0667
2196,Hurlingham View,,,-26.1125,28.0625
2196,Strathavon,,,-26.1,28.0667
2196,Johannesburg,,,-26.1345,28.0529
2197,Johannesburg,,,-26.2,28.0833
2198,Johannesburg,,,-26.1295,28.0503
2200,Sundra,,,-26.2311,29.0356
2200,Witbank,,,-25.8667,29.2333
2210,Witbank,,,-26.15,28.6833
2210,Delmas,,,-26.15,28.6833
2211,Sundra,,,-26.15,28.6833
2211,Delmas,,,-26.15,28.6833
2213,Delmas,,,-26.15,28.6833
2225,Witbank,,,-25.8667,29.2333
2226,Witbank,,,-25.8667,29.2333
2230,Witbank,,,-25.8667,29.2333
2231,Kriel,,,-26.2667,29.2333
2232,Ogies,,,-26.05,29.0667
2233,Ogies,,,-26.05,29.0667
2245,Van Dyksdrif,,,-26.2311,29.0356
2250,Blinkpan,,,-26.1,29.4333
2250,Witbank,,,-26.1,29.4333
2260,Devon,,,-26.35,28.7667
2260,Evander,,,-26.35,28.7667
2265,Leslie,,,-26.3667,28.9167
2266,Evander,,,-26.45,29.1167
2270,Evander,,,-26.45,29.1167
2271,Kriel,,,-26.2667,29.2333
2272,Kriel,,,-26.2667,29.2333
2275,Kriel,,,-26.2667,29.2333
2276,Kriel,,,-26.2667,29.2333
2284,Evander,,,-26.45,29.1167
2285,Embalenhle,,,-26.5333,29.0667
2285,Evander,,,-26.45,29.1167
2300,Secunda,,,-26.55,29.1667
2301,Secunda,,,-26.55,29.1667
2302,Secunda,,,-26.55,29.1666
2309,Bethal,,,-26.45,29.4667
2311,Bethal,,,-26.45,29.4667
2312,Bethal,,,-26.45,29.4667
2320,Bethal,,,-26.45,29.4667
2330,Ermelo,,,-26.5333,29.9833
2330,Breyten,,,-26.3,29.9833
2332,Ermelo,,,-26.5333,29.9833
2333,Ermelo,,,-26.5333,29.9833
2334,Ermelo,,,-26.5333,29.9833
2336,Dundonald,,,-26.5333,29.9833
2336,Ermelo,,,-26.5333,29.9833
2337,Ermelo,,,-26.5333,29.9833
2339,Ermelo,,,-26.5333,29.9833
2340,Ermelo,,,-26.5333,29.9833
2341,Ermelo,,,-26.5333,29.9833
2351,Ermelo,,,-26.5333,29.9833
2352,Ermelo,,,-26.5333,29.9833
2353,Ermelo,,,-26.5333,29.9833
2355,Nucam,,,-26.5333,29.9833
2355,Ermelo,,,-26.5333,29.9833
2356,Ermelo,,,-26.5333,29.9833
2357,Ermelo,,,-26.5333,29.9833
2370,Ermelo,,,-26.5333,29.9833
2375,Mpumalanga,,,-27.8833,31.5333
2375,Amsterdam,,,-26.6167,30.6667
2380,Piet Retief,,,-27,30.8
2382,Piet Retief,,,-27,30.8
2383,Piet Retief,,,-27,30.8
2384,Piet Retief,,,-27,30.8
2385,Piet Retief,,,-27,30.8
2386,Piet Retief,,,-27,30.8
2387,Piet Retief,,,-27,30.8
2388,Piet Retief,,,-27,30.8
2389,Piet Retief,,,-27,30.8
2410,Mpumalanga,,,-26.65,28.5833
2410,Balfour,,,-26.65,28.5833
2425,Standerton,,,-26.95,29.25
2429,Standerton,,,-26.95,29.25
2430,Standerton,,,-26.95,29.25
2431,Sakhile,,,-26.9667,29.2
2431,Standerton,,,-26.95,29.25
2432,Standerton,,,-26.95,29.25
2433,Standerton,,,-26.95,29.25
2434,Standerton,,,-26.95,29.25
2435,Standerton,,,-26.95,29.25
2436,Standerton,,,-26.95,29.25
2465,Volksrust,,,-27.3667,29.8833
2470,Volksrust,,,-27.3667,29.8833
2471,Volksrust,,,-27.3667,29.8833
2480,Wakkerstroom,,,-27.35,30.1333
2490,Amersfoort,,,-26.9833,28.85
2491,Volksrust,,,-27.3667,29.8833
2495,Carletonville,,,-26.3667,27.4
2496,Carletonville,,,-26.3667,27.4
2499,Carletonville,,,-26.3667,27.4
2500,Carletonville,,,-26.3667,27.4
2501,Carletonville,,,-26.3667,27.4
2502,Carletonville,,,-26.3667,27.4
2503,Carletonville,,,-26.3667,27.4
2504,Carletonville,,,-26.3667,27.4
2507,Carletonville,,,-26.3667,27.4
2508,Carletonville,,,-26.3667,27.4
2509,Carletonville,,,-26.3667,27.4
2511,Carletonville,,,-26.3667,27.4
2513,Carletonville,,,-26.3667,27.4
2515,Kokosi,,,-26.5,27.4667
2515,Fochville,,,-26.4833,27.5
2516,Carletonville,,,-26.3667,27.4
2517,Carletonville,,,-26.3667,27.4
2519,Carletonville,,,-26.3667,27.4
2520,Potchefstroom,,,-26.7167,27.1
2521,Potchefstroom,,,-26.7167,27.1
2522,Potchefstroom,,,-26.7167,27.1
2523,Potchefstroom,,,-26.7167,27.1
2524,Potchefstroom,,,-26.7167,27.1
2525,Potchefstroom,,,-26.7167,27.1
2526,Potchefstroom,,,-26.7167,27.1
2527,Potchefstroom,,,-26.7167,27.1
2528,Boskop,,,-29.5,26.2
2528,Potchefstroom,,,-26.7167,27.1
2529,Potchefstroom,,,-26.7167,27.1
2530,Potchefstroom,,,-26.7167,27.1
2531,Potchefstroom,,,-26.7167,27.1
2532,Potchefstroom,,,-26.7167,27.1
2533,Potchefstroom,,,-26.7167,27.1
2534,Carltonville,,,-26.7167,27.1
2535,Potchefstroom,,,-26.7167,27.1
2538,Potchefstroom,,,-26.7167,27.1
2551,Stilfontein,,,-26.85,26.7833
2552,Stilfontein,,,-26.85,26.7833
2553,Stilfontein,,,-26.85,26.7833
2554,Stilfontein,,,-26.85,26.7833
2556,Stilfontein,,,-26.85,26.7833
2560,Stilfontein,,,-26.85,26.7833
2562,Stilfontein,,,-26.85,26.7833
2571,Klerksdorp,,,-26.8667,26.6667
2572,Klerksdorp,,,-26.8666,26.6666
2573,Klerksdorp,,,-26.8667,26.6667
2574,Jouberton,,,-26.9,26.6
2574,Klerkskdorp,,,-26.8833,26.6333
2574,Klerksdorp,,,-26.8667,26.6667
2575,Klerksdorp,,,-26.8667,26.6667
2576,Klerksdorp,,,-26.8667,26.6667
2577,Klerksdorp,,,-26.8667,26.6667
2578,Klerksdorp,,,-26.8667,26.6667
2600,Hartbeesfontein,,,-26.7667,26.4167
2600,Klerksdorp,,,-26.7667,26.4167
2610,Ottosdal,,,-26.8167,26.0167
2619,Orkney,,,-26.9833,26.6667
2620,Orkney,,,-26.9833,26.6667
2621,Orkney,,,-26.9833,26.6667
2622,Orkney,,,-26.9833,26.6667
2624,Orkney,,,-26.9833,26.6667
2625,Orkney,,,-26.9833,26.6667
2626,Orkney,,,-26.9833,26.6667
2627,Orkney,,,-26.9833,26.6667
2630,Wolmaransstad,,,-27.2,25.9667
2640,Leeudoringstad,,,-27.2333,26.2333
2650,Makwassie,,,-27.3167,25.9833
2660,Bloemhof,,,-27.65,25.6
2661,Bloemhof,,,-27.65,25.6
2662,Bloemhof,,,-27.65,25.6
2680,Christiana,,,-28.2333,21.25
2710,Ventersdorp,,,-26.3167,26.8167
2712,Ventersdorp,,,-26.3167,26.8167
2717,Itsoseng,,,-26.0667,25.8833
2718,Delareyville,,,-26.6833,25.4667
2725,Coligny,,,-26.3333,26.3167
2726,Coligny,,,-26.3333,26.3167
2727,Coligny,,,-26.3333,26.3167
2730,Lichtenburg,,,-26.15,26.1667
2736,Madikwe,,,-25.35,26.5333
2738,Radithuso,,,-26.1811,25.8339
2738,Mafikeng,,,-25.8667,25.65
2739,Radithuso,,,-26.1811,25.8339
2740,Lichtenburg,,,-26.15,26.1667
2741,Lichtenburg,,,-26.15,26.1667
2742,Lichtenburg,,,-26.15,26.1667
2743,Lichtenburg,,,-26.15,26.1667
2744,Mafikeng,,,-26.0667,25.8833
2744,Itsoseng,,,-26.0667,25.8833
2745,Mafikeng,,,-25.8666,25.6499
2746,Mafikeng,,,-25.8667,25.65
2747,Delareyville,,,-26.6833,25.4667
2748,Delareyville,,,-26.6833,25.4667
2749,Mafikeng,,,-25.8667,25.65
2750,Mafikeng,,,-25.8667,25.65
2751,Mafikeng,,,-25.8667,25.65
2752,Mafikeng,,,-25.8667,25.65
2753,Mafikeng,,,-25.8667,25.65
2754,Lichtenburg,,,-26.15,26.1667
2755,Lichtenburg,,,-26.15,26.1667
2760,Sannieshof,,,-26.5333,25.8
2762,Lichtenburg,,,-26.15,26.1667
2763,Mafikeng,,,-25.8667,25.65
2766,Mafikeng,,,-25.8667,25.65
2767,Mafikeng,,,-25.8667,25.65
2768,Mafikeng,,,-25.8667,25.65
2769,Mafikeng,,,-25.8667,25.65
2771,Delareyville,,,-26.6833,25.4667
2772,Delareyville,,,-26.6833,25.4667
2773,Madibogo,,,-26.4167,25.2
2774,Madibogo,,,-26.4167,25.2
2775,Schweizer-Reneke,,,-27.1833,25.3333
2776,Delareyville,,,-26.6833,25.4667
2777,Mmabatho,,,-25.85,25.6333
2778,Vyrburg,,,-26.5389,25.3833
2779,Vyrburg,,,-26.5389,25.3833
2780,Schweizer-Reneke,,,-27.1833,25.3333
2781,Vyrburg,,,-25.8667,25.65
2782,Mafikeng,,,-25.8667,25.65
2783,Mafikeng,,,-25.8667,25.65
2784,Mafikeng,,,-25.8667,25.65
2786,Schweizer-Reneke,,,-27.1833,25.3333
2835,Swartruggens,,,-25.65,26.7
2836,Madikwe,,,-25.35,26.5333
2838,Madikwe,,,-25.35,26.5333
2839,Madikwe,,,-25.35,26.5333
2841,Madikwe,,,-25.35,26.5333
2842,Madikwe,,,-25.35,26.5333
2843,Madikwe,,,-25.35,26.5333
2844,Madikwe,,,-25.35,26.5333
2845,Madikwe,,,-25.35,26.5333
2846,Madikwe,,,-25.35,26.5333
2847,Madikwe,,,-25.35,26.5333
2848,Madikwe,,,-25.35,26.5333
2849,Madikwe,,,-25.35,26.5333
2851,Zeerust,,,-25.5333,26.0833
2852,Madikwe,,,-25.35,26.5333
2854,Madikwe,,,-25.35,26.5333
2855,Mafikeng,,,-25.8667,25.65
2857,Mafikeng,,,-25.8667,25.65
2858,Mafikeng,,,-25.8667,25.65
2865,Zeerust,,,-25.5333,26.0833
2866,Mafikeng,,,-25.8667,25.65
2867,Zeerust,,,-25.5333,26.0833
2868,Dinokana,,,-25.45,25.8667
2868,Lerato,,,-25.45,25.8667
2870,Lerato,,,-25.5333,26.0833
2873,Lerato,,,-25.5333,26.0833
2874,Zeerust,,,-25.5333,26.0833
2876,Zeerust,,,-25.5333,26.0833
2880,Lerato,,,-25.5333,26.0833
2881,Zeerust,,,-25.5333,26.0833
2882,Zeerust,,,-25.5333,26.0833
2883,Zeerust,,,-25.5333,26.0833
2884,Zeerust,,,-25.5333,26.0833
2885,Zeerust,,,-25.5333,26.0833
2886,Zeerust,,,-25.5333,26.0833
2887,Zeerust,,,-25.5333,26.0833
2888,Zeerust,,,-25.5333,26.0833
2889,Zeerust,,,-25.5333,26.0833
2890,Zeerust,,,-25.5333,26.0833
2891,Zeerust,,,-25.5333,26.0833
2895,Zeerust,,,-25.5333,26.0833
2900,Ladysmith,,,-28.55,29.7833
2920,Wasbank,,,-29.7167,26.3833
2930,Glencoe,,,-28.1833,30.15
2940,Newcastle,,,-27.75,29.9333
2941,Newcastle,,,-27.75,29.9333
2942,Newcastle,,,-27.75,29.9333
2944,Newcastle,,,-27.75,29.9333
2945,Newcastle,,,-27.75,29.9333
2950,Newcastle,,,-27.75,29.9333
2951,Madadeni,,,-27.75,30.0333
2952,Osizweni,,,-27.7833,30.15
2953,Newcastle,,,-27.75,29.9333
2954,Newcastle,,,-27.75,29.9333
2956,Newcastle,,,-27.75,29.9333
2957,Madadeni,,,-25.8167,31.7833
2958,Newcastle,,,-27.75,29.9333
2980,Utrecht,,,-27.65,30.3333
3000,Dundee,,,-28.1667,30.2333
3002,Vryheid,,,-27.7667,30.8
3003,Dundee,,,-28.1667,30.2333
3004,Dundee,,,-28.1667,30.2333
3005,Nqutu,,,-28.2,30.6667
3006,Dundee,,,-28.1667,30.2333
3007,Nqutu,,,-28.2,30.6667
3010,Tugela Ferry,,,-28.7333,30.45
3011,Pomeroy,,,-28.55,30.4167
3016,Dundee,,,-28.1667,30.2333
3017,Dundee,,,-28.1667,30.2333
3020,Pomeroy,,,-28.55,30.4167
3024,Blood River,,,-28.1909,30.2879
3080,Dannhause,,,-28,30.05
3080,Dannhauser,,,-28,30.05
3081,Dundee,,,-28.1667,30.2333
3082,Newcastle,,,-27.75,29.9333
3100,Vryheid,,,-27.7667,30.8
3101,Emondlo,,,-28.2533,29.9933
3102,Vryheid,,,-27.7667,30.8
3103,Vryheid,,,-27.7667,30.8
3105,Vryheid,,,-27.7667,30.8
3106,Vryheid,,,-27.7667,30.8
3107,Vryheid,,,-30.2,26.7667
3111,Vryheid,,,-27.7667,30.8
3114,Vryheid,,,-27.7667,30.8
3115,Vryheid,,,-27.7667,30.8
3116,Vryheid,,,-30.2,26.7667
3120,Vryheid,,,-27.7667,30.8
3135,Nqutu,,,-28.2,30.6667
3137,Nqutu,,,-28.2,30.6667
3145,Vryheid,,,-27.7667,30.8
3145,Hlobane,,,-27.7167,31
3150,Vryheid,,,-27.7667,30.8
3160,Pongola,,,-27.3833,31.6167
3170,Pongola,,,-27.3833,31.6167
3171,Pongola,,,-27.3833,31.6167
3180,Paulpietersburg,,,-27.4167,30.8167
3183,Vryheid,,,-27.7667,30.8
3184,Vryheid,,,-27.7667,30.8
3185,Paulpietersburg,,,-27.4167,30.8167
3200,Pietermaritzburg,,,-29.6167,30.3833
3201,Pietermaritzburg,,,-29.6167,30.3833
3201,Edendale,,,-29.65,30.2833
3202,Pietermaritzburg,,,-29.6167,30.3833
3203,Pietermaritzburg,,,-29.6167,30.3833
3204,Edendale,,,-29.6167,30.3833
3204,Pietermaritzburg,,,-29.6167,30.3833
3204,Scottsville,,,-29.6167,30.3833
3205,Pietermaritzburg,,,-29.6167,30.3833
3206,Pietermaritzburg,,,-29.6167,30.3833
3207,Pietermaritzburg,,,-29.6167,30.3833
3208,Pietermaritzburg,,,-29.6167,30.3833
3209,Pietermaritzburg,,,-29.6167,30.3833
3210,Pietermaritzburg,,,-29.6167,30.3833
3211,Pietermaritzburg,,,-29.6167,30.3833
3213,Pietermaritzburg,,,-29.6167,30.3833
3214,Pietermaritzburg,,,-29.6167,30.3833
3215,Pietermaritzburg,,,-29.6167,30.3833
3216,Pietermaritzburg,,,-29.6167,30.3833
3217,Pietermaritzburg,,,-29.6167,30.3833
3217,Edendale,,,-29.6167,30.3833
3218,Edendale,,,-29.65,30.2833
3219,Pietermaritzburg,,,-29.6167,30.3833
3220,Pietermaritzburg,,,-29.6167,30.3833
3221,Pietermaritzburg,,,-29.6167,30.3833
3224,Howick,,,-29.4667,30.2333
3225,Pietermaritzburg,,,-29.6167,30.3833
3226,Pietermaritzburg,,,-29.6167,30.3833
3226,Elandskop,,,-29.3167,29.7
3227,Impendle,,,-29.6,29.8667
3228,Howick,,,-29.6,29.8667
3228,Impendle,,,-29.6,29.8667
3230,Dalton,,,-29.3333,30.6333
3231,Pietermaritzburg,,,-29.6167,30.3833
3233,Wartburg,,,-29.4333,30.5833
3233,Greytown,,,-29.4333,30.5833
3234,Wartburg,,,-29.4333,30.5833
3235,Pietermaritzburg,,,-29.6167,30.3833
3236,Greytown,,,-29.0667,30.5833
3236,Dalton,,,-29.3333,30.6333
3237,Kokstad,,,-30.55,29.4167
3237,Donnybrook,,,-29.9333,29.8667
3238,Dalton,,,-29.3333,30.6333
3239,Umzimkulu,,,-30.2667,29.9333
3241,Donnybrook,,,-29.9333,29.8667
3242,Dalton,,,-29.4,30.85
3242,Ozwatini,,,-29.4,30.85
3244,Howick,,,-29.4667,30.2333
3244,Bulwer,,,-29.8,29.75
3245,Pietermaritzburg,,,-29.6167,30.3833
3246,Howick,,,-29.4667,30.2333
3247,Howick,,,-29.4667,30.2333
3248,Howick,,,-29.4667,30.2333
3249,Greytown,,,-29.0667,30.5833
3250,Kwazulu/Natal,,,-29.0667,30.5833
3250,Greytown,,,-29.0667,30.5833
3251,Greytown,,,-29.0667,30.5833
3252,Scottsville,,,-29.0667,30.5833
3254,Pietermaritzburg,,,-29.6167,30.3833
3255,Howick,,,-29.4667,30.2333
3258,Greytown,,,-29.0667,30.5833
3259,Dalton,,,-29.3333,30.6333
3260,Howick,,,-29.4667,30.2333
3261,Ozwatini,,,-29.4,30.85
3262,Greytown,,,-29.0667,30.5833
3263,Creighton,,,-30.0333,29.8333
3263,Umzinto,,,-30.0333,29.8333
3265,Howick,,,-29.4667,30.2333
3266,Umzinto,,,-30.3167,30.6667
3267,Howick,,,-29.4667,30.2333
3268,Greytown,,,-29.0667,30.5833
3268,Kranskop,,,-30.5667,26.9
3269,Kranskop,,,-28.9667,30.8667
3270,Howick,,,-29.4667,30.2333
3271,Kranskop,,,-30.5667,26.9
3272,Kranskop,,,-30.5667,26.9
3273,Kranskop,,,-30.5667,26.9
3274,Kranskop,,,-30.5667,26.9
3275,Howick,,,-29.4667,30.2333
3276,Pietermaritzburg,,,-29.6167,30.3833
3277,Kranskop,,,-30.5667,26.9
3279,Amanzimtoti,,,-30.05,30.8833
3280,Estcourt,,,-29,29.8833
3282,Kranskop,,,-30.5667,26.9
3286,Kranskop,,,-30.5667,26.9
3287,Kranskop,,,-30.5667,26.9
3290,Merrivale,,,-29.5167,30.2333
3290,Howick,,,-29.5167,30.2333
3291,Merrivale,,,-29.5167,30.2333
3291,Howick,,,-29.4667,30.2333
3292,Pietermaritzburg,,,-29.6167,30.3833
3293,Pietermaritzburg,,,-29.6167,30.3833
3294,Pietermaritzburg,,,-29.6167,30.3833
3295,Pietermaritzburg,,,-29.6167,30.3833
3296,Pietermaritzburg,,,-29.6167,30.3833
3298,Umzimkulu,,,-30.2667,29.9333
3299,Howick,,,-29.4667,30.2333
3300,Estcourt,,,-29.2,29.9833
3300,Mooi River,,,-29.2,29.9833
3301,Estcourt,,,-29,29.8833
3302,Howick,,,-29.4667,30.2333
3303,Howick,,,-29.4667,30.2333
3304,Umzimkulu,,,-30.2667,29.9333
3305,Highflats,,,-30.2667,30.2
3306,Highflats,,,-30.2667,30.2
3307,Umzimkulu,,,-30.2667,29.9333
3308,Merrivale,,,-29.5167,30.2333
3310,Estcourt,,,-29,29.8833
3312,Estcourt,,,-29,29.8833
3313,Estcourt,,,-29,29.8833
3325,Estcourt,,,-29,29.8833
3330,Estcourt,,,-29,29.8833
3331,Winterton,,,-28.8,29.5333
3340,Winterton,,,-28.8,29.5333
3341,Winterton,,,-28.8,29.5333
3342,Winterton,,,-28.8,29.5333
3350,Bergville,,,-28.7333,29.3667
3351,Bergville,,,-28.7333,29.3667
3352,Bergville,,,-28.7333,29.3667
3354,Bergville,,,-28.7333,29.3667
3360,Ladysmith,,,-28.55,29.7833
3360,Colenso,,,-28.7333,29.8167
3370,Ladysmith,,,-28.55,29.7833
3371,Ladysmith,,,-28.55,29.7833
3372,Harrismith,,,-28.2833,29.1333
3373,Steadville,,,-28.55,29.7833
3373,Ladysmith,,,-28.55,29.7833
3374,Ladysmith,,,-28.55,29.7833
3375,Ladysmith,,,-28.55,29.7833
3377,Ladysmith,,,-28.55,29.7833
3378,Ladysmith,,,-28.55,29.7833
3380,Ladysmith,,,-28.55,29.7833
3381,Ezakheni,,,-28.55,29.7833
3382,Ladysmith,,,-28.55,29.7833
3384,Ladysmith,,,-28.55,29.7833
3500,Greytown,,,-29.0667,30.5833
3600,Pinetown,,,-29.8167,30.85
3602,Pinetown,,,-29.8167,30.85
3603,Pinetown,,,-29.8167,30.85
3604,Nagina,,,-29.8167,30.85
3604,Chatsworth,,,-29.8167,30.85
3604,Pinetown,,,-29.8167,30.85
3605,Pinetown,,,-29.8167,30.85
3607,Pinetown,,,-29.8167,30.85
3608,Pinetown,,,-29.8167,30.85
3609,Pinetown,,,-29.8167,30.85
3609,St Wendolins,,,-29.8167,30.85
3610,New Germany,,,-29.8,30.8833
3610,Chatsworth,,,-29.9167,30.9
3610,Pinetown,,,-29.8167,30.85
3610,Kloof,,,-29.7833,30.8333
3610,Hillcrest,,,-29.7667,30.7667
3610,Clernaville,,,-29.8139,30.8389
3610,Gillitts,,,-29.8,30.8
3610,Link Hills,,,-29.8139,30.8389
3611,Durban,,,-29.85,31.0167
3612,New Germany,,,-29.8,30.8833
3613,Pinetown,,,-29.8167,30.85
3614,Nagina,,,-29.8133,30.8467
3615,Pinetown,,,-29.8167,30.85
3616,Pinetown,,,-29.8167,30.85
3617,Pinetown,,,-29.8167,30.85
3620,Pinetown,,,-29.8167,30.85
3621,Pinetown,,,-29.8167,30.85
3624,Pinetown,,,-29.8167,30.85
3624,Hillcrest,,,-31.8833,26.8
3625,Pinetown,,,-29.8167,30.85
3626,Hillcrest,,,-29.7667,30.7667
3626,Pinetown,,,-29.8167,30.85
3629,Westville,,,-29.8333,30.9333
3629,Durban,,,-29.85,31.0167
3630,Durban,,,-29.85,31.0167
3631,Westville,,,-29.8333,30.9333
3634,Westville,,,-29.8333,30.9333
3635,Westville,,,-29.8333,30.9333
3640,Kloof,,,-29.7833,30.8333
3650,Pinetown,,,-29.8167,30.85
3650,Hillcrest,,,-31.8833,26.8
3651,Pinetown,,,-29.8167,30.85
3652,Pinetown,,,-29.8167,30.85
3655,Link Hills,,,-29.8167,30.85
3660,Botha'S Hill,,,-29.7167,30.7333
3660,Hillcrest,,,-29.7167,30.7333
3670,Hammarsdale,,,-29.8,30.65
3680,Cato Ridge,,,-29.7333,30.5833
3680,Hammarsdale,,,-29.8,30.65
3690,Hammarsdale,,,-29.8,30.65
3699,Hammarsdale,,,-29.8,30.65
3700,Hammarsdale,,,-29.8,30.65
3701,Hammarsdale,,,-29.8,30.65
3705,Hammarsdale,,,-29.8,30.65
3710,Hammarsdale,,,-29.8,30.65
3720,Hammarsdale,,,-29.8,30.65
3730,Hammarsdale,,,-29.8,30.65
3750,Mid Illovo,,,-29.9667,30.5167
3760,Scottsville,,,-29.3333,30.0472
3770,Scottsville,,,-29.3333,30.0472
3780,Richmond,,,-29.8667,30.2667
3781,Richmond,,,-29.8667,30.2667
3782,Richmond,,,-26.7,27.9333
3800,Gingindlovu,,,-29.0167,31.5833
3802,Mandeni,,,-29.0167,31.5833
3803,Gingindlovu,,,-29.0167,31.5833
3804,Gingindlovu,,,-29.0167,31.5833
3806,Gingindlovu,,,-29.0167,31.5833
3814,Eshowe,,,-28.8833,31.4667
3815,Stanger,,,-28.8833,31.4667
3815,Eshowe,,,-28.8833,31.4667
3816,Eshowe,,,-28.8833,31.4667
3817,Eshowe,,,-28.8833,31.4667
3818,Gingindlovu,,,-29.0167,31.5833
3820,Eshowe,,,-28.8833,31.4667
3830,Eshowe,,,-28.8833,31.4667
3835,Melmoth,,,-28.5833,31.3833
3836,Nongoma,,,-27.9,31.65
3837,Melmoth,,,-28.5833,31.3833
3838,Ulundi,,,-28.3333,31.4167
3850,Eshowe,,,-28.5833,31.3833
3850,Melmoth,,,-28.5833,31.3833
3855,Nkandla,,,-28.6167,31.0833
3856,Nkandla,,,-28.6167,31.0833
3856,Mahlabatini,,,-28.25,31.4333
3857,Melmoth,,,-28.5833,31.3833
3858,Nkandla,,,-28.6167,31.0833
3859,Nkandla,,,-28.6167,31.0833
3865,Mahlabatini,,,-28.25,31.4333
3866,Nongoma,,,-27.9,31.65
3867,Mtunzini,,,-28.95,31.75
3871,Ceza,,,-27.9833,31.3833
3875,Empangeni,,,-28.75,31.9
3879,Empangeni,,,-28.75,31.9
3880,Empangeni,,,-28.75,31.8999
3881,Empangeni,,,-28.75,31.9
3882,Empangeni,,,-28.75,31.9
3884,Empangeni,,,-28.75,31.9
3886,Kwadlangezwa,,,-28.7767,31.9
3887,Esikhawini,,,-28.8833,31.9
3900,Richards Bay,,,-28.7901,32.0971
3900,Empangeni,,,-28.7901,32.0971
3900,Richardsbaai,,,-28.7901,32.0971
3902,Richards Bay,,,-28.8,32.1
3903,Richards Bay,,,-28.8,32.1
3904,Richards Bay,,,-28.8,32.1
3910,Empangeni,,,-28.75,31.9
3915,Kwambonambi,,,-28.6,32.0833
3920,Empangeni,,,-28.75,31.9
3925,Mtubatuba,,,-28.4167,32.1833
3930,Mtubatuba,,,-28.4167,32.1833
3934,Nongoma,,,-27.9833,32
3935,Mtubatuba,,,-28.4167,32.1833
3936,St Lucia Estuary,,,-28.4167,32.1833
3936,Mtubatuba,,,-28.4167,32.1833
3937,Hlabisa,,,-28.1333,31.8667
3938,Nongoma,,,-27.9,31.65
3940,Mtubatuba,,,-28.4167,32.1833
3950,Hluhluwe,,,-28.0333,32.2833
3950,Nongoma,,,-28.0333,32.2833
3960,Hluhluwe,,,-28.0333,32.2833
3964,Ingwavuma,,,-27.1333,31.9833
3965,Empangeni,,,-28.75,31.9
3965,Mkuze,,,-27.6167,32.0333
3966,Mkuze,,,-27.6167,32.0333
3967,Mkuze,,,-27.6167,32.0333
3968,Ingwavuma,,,-27.1333,31.9833
3970,Empangeni,,,-27.5667,32.0833
3970,Ubombo,,,-27.5667,32.0833
3972,Mkuze,,,-27.6167,32.0333
3974,Mbazwana,,,-27.6167,32.0333
3974,Mkuze,,,-27.6167,32.0333
3975,Mkuze,,,-27.6167,32.0333
3976,Mkuze,,,-27.6167,32.0333
3977,Ingwavuma,,,-27.1333,31.9833
3978,Kwangkwanase,,,-27.5278,32.0333
3979,Mkuze,,,-27.6167,32.0333
3980,Mkuze,,,-27.6167,32.0333
3982,Jozini,,,-27.4333,32.0667
3983,Jozini,,,-27.4333,32.0667
3984,Jozini,,,-27.4333,32.0667
3985,Jozini,,,-27.4333,32.0667
3986,Jozini,,,-27.4333,32.0667
3987,Jozini,,,-27.4333,32.0667
3988,Mbazwana,,,-27.4833,32.5833
3989,Jozini,,,-27.4333,32.0667
4000,Durban,,,-29.85,31.0167
4001,Durban,,,-29.8561,31.0352
4004,Yellowwood Park,,,-29.85,31.0167
4004,Durban,,,-29.85,31.0167
4005,Durban,,,-29.85,31.0167
4006,Durban,,,-29.85,31.0167
4007,Durban,,,-29.85,31.0167
4008,Durban,,,-29.85,31.0167
4011,Durban,,,-29.85,31.0167
4013,Durban,,,-29.85,31.0167
4014,Durban,,,-29.85,31.0167
4015,Durban,,,-29.85,31.0167
4016,Durban,,,-29.85,31.0167
4017,Durban,,,-29.85,31.0167
4018,Durban,,,-29.85,31.0167
4019,Durban North,,,-29.8,31.0333
4021,Umhlanga Rocks,,,-29.7167,31.0667
4022,Durban,,,-29.85,31.0167
4023,Durban,,,-29.85,31.0167
4024,Durban,,,-29.85,31.0167
4025,Durban,,,-29.85,31.0167
4026,Durban,,,-29.85,31.0167
4027,Durban,,,-29.85,31.0167
4027,Lamontville,,,-29.95,30.9333
4028,Durban,,,-29.85,31.0167
4029,Durban,,,-29.85,31.0167
4030,Chatsworth,,,-33.55,18.5833
4031,Umlazi,,,-29.9667,30.8833
4032,Kwa-Mashu,,,-29.85,31.0167
4032,Inanda,,,-26.1167,28.05
4032,Kwazimele,,,-29.85,31.0167
4034,Durban,,,-29.85,31.0167
4035,Durban,,,-29.85,31.0167
4035,Marble Ray,,,-29.85,31.0167
4036,Durban,,,-29.85,31.0167
4037,Marble Ray,,,-29.85,31.0167
4037,Durban,,,-29.85,31.0167
4038,Durban,,,-29.85,31.0167
4039,Marble Ray,,,-29.85,31.0167
4050,Mobeni,,,-29.95,30.95
4051,Durban,,,-29.8,31.0333
4051,Durban-Noord,,,-29.8,31.0333
4051,Durban North,,,-29.8,31.0333
4052,Durban,,,-29.85,31.0167
4052,Bluff,,,-29.85,31.0167
4053,Durban,,,-29.85,31.0167
4054,Chatsworth,,,-33.55,18.5833
4056,Durban,,,-29.85,31.0167
4057,Durban,,,-29.85,31.0167
4058,Durban,,,-29.85,31.0167
4059,Durban,,,-29.85,31.0167
4060,Durban,,,-29.85,31.0167
4061,Durban,,,-29.85,31.0167
4062,Durban,,,-29.85,31.0167
4063,Durban,,,-29.85,31.0167
4064,Durban,,,-29.85,31.0167
4065,Durban,,,-29.85,31.0167
4066,Isipingo,,,-29.9667,30.8833
4066,Umlazi,,,-29.9667,30.8833
4066,Ntokozweni,,,-29.9667,30.8833
4067,Durban,,,-29.85,31.0167
4068,Durban,,,-29.85,31.0167
4068,Mount Edgecombe,,,-29.7,31.0333
4068,Phoenix,,,-29.775,31.025
4069,Durban,,,-29.85,31.0167
4070,Durban,,,-29.85,31.0167
4071,Durban,,,-29.85,31.0167
4072,Rossburgh,,,-29.9,30.9667
4074,Durban,,,-29.85,31.0167
4075,Durban,,,-29.85,31.0167
4078,Durban,,,-29.85,31.0167
4079,Queensburgh,,,-29.8667,30.9333
4080,Durban,,,-29.85,31.0167
4080,Phoenix,,,-29.85,31.0167
4082,Mayville,,,-29.85,30.9833
4083,Durban,,,-29.85,31.0167
4084,Chatsworth,,,-33.55,18.5833
4085,Durban,,,-29.85,31.0167
4087,Chatsworth,,,-33.55,18.5833
4088,Mobeni,,,-29.95,30.95
4089,Ntokozweni,,,-29.85,31.0167
4089,Umlazi,,,-29.9667,30.8833
4090,Durban,,,-29.85,31.0167
4091,Dormerton,,,-29.85,31
4091,Durban,,,-29.85,31.0167
4091,Mayville,,,-29.85,30.9833
4092,Mobeni,,,-29.95,30.95
4092,Durban,,,-29.85,31.0167
4092,Marianhill,,,-29.9,30.9833
4092,Chatsworth,,,-29.9,30.9833
4093,Queensburgh,,,-29.8333,30.9333
4093,Durban,,,-29.85,31.0167
4093,Shallcross,,,-29.8333,30.9333
4093,Pinetown,,,-29.8167,30.85
4093,Northdene,,,-29.8333,30.9333
4094,Rossburgh,,,-29.9,30.9667
4094,Durban,,,-29.85,31.0167
4098,Durban North,,,-29.8,31.0333
4099,Phoenix,,,-26.0667,29.2
4100,Amanzimtoti,,,-30.05,30.8833
4101,Durban,,,-29.85,31.0167
4104,Durban,,,-29.85,31.0167
4105,Umbumbulu,,,-29.9833,30.7
4106,Umbumbulu,,,-29.9833,30.7
4109,Jacobs,,,-29.9333,30.9833
4110,Isipingo,,,-29.9833,30.9333
4111,Isipingo,,,-29.9833,30.9333
4113,Isipingo,,,-29.9833,30.9333
4115,Isipingo Beach,,,-29.9833,30.95
4120,Amanzimtoti,,,-30.05,30.8833
4125,Amanzimtoti,,,-30.05,30.8833
4126,Winklespruit,,,-30.1,30.85
4126,Amanzimtoti,,,-30.05,30.8833
4126,Doonside,,,-30.0667,30.8833
4126,Umbogintwini,,,-30.0333,30.9167
4126,Illovo Beach,,,-30.1167,30.85
4132,Chatsworth,,,-33.55,18.5833
4133,Isipingo,,,-29.9833,30.9333
4133,Isipingo Beach,,,-29.9833,30.95
4135,Amanzimtoti,,,-30.05,30.8833
4136,Amanzimtoti,,,-30.05,30.8833
4137,Durban,,,-29.85,31.0167
4138,Mayville,,,-29.85,30.9833
4138,Dormerton,,,-30.05,30.8833
4139,Bluff,,,-30.05,30.8833
4140,Amanzimtoti,,,-30.05,30.8833
4142,Marianhill,,,-26.1444,28.0944
4142,Chatsworth,,,-33.55,18.5833
4144,Umlazi,,,-29.9667,30.8833
4145,Amanzimtoti,,,-30.05,30.8833
4145,Winklespruit,,,-30.1,30.85
4146,Rossburgh,,,-26.2,28.1
4146,Malvern,,,-26.2,28.1
4147,Malvern,,,-26.2,28.1
4147,Chatsworth,,,-26.1167,28.0917
4147,Pinetown,,,-26.1167,28.0917
4147,Queensburgh,,,-26.1167,28.0917
4147,Northdene,,,-26.0333,28.0833
4148,Umlazi,,,-29.9667,30.8833
4150,Amanzimtoti,,,-30.05,30.8833
4153,Isipingo,,,-29.9833,30.9333
4155,Amanzimtoti,,,-30.05,30.8833
4156,Mount Edgecombe,,,-29.7,31.0333
4156,Phoenix,,,-26.0667,29.2
4157,Phoenix,,,-26.0667,29.2
4158,Phoenix,,,-26.0667,29.2
4160,Amanzimtoti,,,-30.05,30.8833
4162,Durban,,,-29.85,31.0167
4162,Yellowwood Park,,,-29.4379,30.4299
4163,Yellowwood Park,,,-29.4379,30.4299
4170,Umkomaas,,,-30.2,30.8
4171,Umkomaas,,,-30.2,30.8
4180,Scottburgh,,,-30.2833,30.75
4181,Scottburgh,,,-30.2833,30.75
4182,Scottburgh,,,-30.2833,30.75
4183,Scottburgh,,,-30.2833,30.75
4184,Scottburgh,,,-30.2833,30.75
4184,Pennington,,,-30.2833,30.75
4185,Scottburgh,,,-30.2833,30.75
4185,Ifafa Beach,,,-30.45,30.65
4186,Scottburgh,,,-30.2833,30.75
4200,Hibberdene,,,-30.3167,30.6667
4200,Umzinto,,,-30.3167,30.6667
4201,Umzinto,,,-30.3167,30.6667
4202,Umzinto,,,-30.3167,30.6667
4204,Umzinto,,,-30.3167,30.6667
4207,Umzinto,,,-30.3167,30.6667
4215,Sezela,,,-30.4167,30.6833
4220,Hibberdene,,,-30.5833,30.5833
4221,Hibberdene,,,-30.5833,30.5833
4225,Umzumbe,,,-30.6167,30.55
4226,Port Shepstone,,,-30.75,30.45
4227,Umzumbe,,,-30.6167,30.55
4230,Anerley,,,-30.6667,30.5
4235,Umtentweni,,,-30.7167,30.4667
4240,Shelly Beach,,,-30.8,30.4167
4240,Port Shepstone,,,-30.75,30.45
4241,Port Shepstone,,,-30.75,30.45
4242,Port Shepstone,,,-30.75,30.45
4242,Ndwedwe,,,-30.75,30.45
4243,Port Shepstone,,,-30.75,30.45
4246,Mehlomnyama,,,-30.7571,30.4452
4246,Port Shepstone,,,-30.75,30.45
4247,Port Shepstone,,,-30.75,30.45
4249,Port Shepstone,,,-30.75,30.45
4250,Port Shepstone,,,-30.75,30.45
4251,Port Shepstone,,,-30.75,30.45
4260,Izingolweni,,,-30.7833,30.1333
4261,Izingolweni,,,-30.7833,30.1333
4265,Shelly Beach,,,-30.8,30.4167
4270,Uvongo,,,-31.4,26.5833
4275,Margate,,,-30.85,30.3667
4276,Margate,,,-30.85,30.3667
4276,Manaba Beach,,,-30.85,30.3667
4277,Margate,,,-30.9166,30.3166
4278,Margate,,,-30.85,30.3667
4278,Munster,,,-30.9833,30.2333
4280,Margate,,,-30.85,30.3667
4281,Margate,,,-30.85,30.3667
4295,Port Edward,,,-31.05,30.2167
4300,Phoenix,,,-26.0667,29.2
4301,Mount Edgecombe,,,-29.7,31.0333
4302,Phoenix,,,-26.0667,29.2
4309,Inanda,,,-26.1167,28.05
4309,Phoenix,,,-26.1167,28.05
4309,Durban,,,-26.1167,28.05
4310,Inanda,,,-29.6833,30.9333
4310,Durban,,,-29.85,31.0167
4319,Umhlanga Rocks,,,-29.7167,31.0667
4319,Verulam,,,-29.65,31.05
4321,Umhlanga Rocks,,,-29.7167,31.0667
4339,Verulam,,,-29.65,31.05
4340,Verulam,,,-29.65,31.05
4341,Ndwedwe,,,-29.5,30.9333
4342,Ndwedwe,,,-29.5,30.9333
4343,Verulam,,,-29.65,31.05
4344,Verulam,,,-29.65,31.05
4345,Verulam,,,-29.65,31.05
4350,Umhlanga Rocks,,,-29.7167,31.0667
4359,Kwamashu,,,-29.75,30.9833
4359,Kwa-Mashu,,,-29.75,30.9833
4359,Durban,,,-29.75,30.9833
4360,Kwamashu,,,-29.75,30.9833
4360,Kwa-Mashu,,,-29.8,31
4360,Durban,,,-29.85,31.0167
4361,Kwa-Mashu,,,-29.8167,31.0056
4362,Durban,,,-29.85,31.0167
4364,Kwa-Mashu,,,-29.8167,31.0056
4380,Maidstone,,,-29.5667,31.1333
4380,Tongaat,,,-29.5833,31.1333
4390,Tongaat,,,-29.5833,31.1333
4391,Umhlali,,,-29.114,30.6772
4399,Hambanathi Heights,,,-29.114,30.6772
4399,Ndwedwe,,,-29.5,30.9333
4399,Tongaat,,,-29.5833,31.1333
4399,Desainagar,,,-29.114,30.6772
4399,Maidstone,,,-30,26.9667
4400,Hambanathi Heights,,,-29.5833,31.1333
4400,Tongaat,,,-29.5833,31.1333
4401,Tongaat,,,-29.5833,31.1333
4402,Tongaat,,,-29.5833,31.1333
4403,Tongaat,,,-29.5833,31.1333
4404,Tongaat,,,-29.5833,31.1333
4405,Desainagar,,,-29.5833,31.1333
4405,Tongaat,,,-29.5833,31.1333
4406,Maidstone,,,-29.5833,31.1333
4406,Tongaat,,,-29.5833,31.1333
4420,Umhlali,,,-29.2675,30.7982
4420,Tongaat,,,-29.5833,31.1333
4430,Shakaskraal,,,-29.45,31.2167
4449,Stanger,,,-29.3333,31.3
4450,Stanger,,,-29.3333,31.3
4451,Stanger,,,-29.3333,31.3
4452,Stanger,,,-29.3333,31.3
4453,Stanger,,,-29.3333,31.3
4454,Stanger,,,-29.3333,31.3
4455,Stanger,,,-29.3333,31.3
4456,Stanger,,,-29.3333,31.3
4457,Stanger,,,-29.3333,31.3
4470,Stanger,,,-29.3333,31.3
4470,Mapumulo,,,-29.15,31.0667
4480,Darnall,,,-26.4,23.25
4490,Mandeni,,,-29.2675,30.7982
4490,Stanger,,,-29.3333,31.3
4491,Mandeni,,,-29.2675,30.7982
4492,Mandeni,,,-29.2675,30.7982
4642,Port Shepstone,,,-30.75,30.45
4643,Harding,,,-30.5833,29.8833
4680,Harding,,,-30.5833,29.8833
4681,Harding,,,-30.5833,29.8833
4682,Port Shepstone,,,-30.7333,30.0333
4682,Nqabeni,,,-30.7333,30.0333
4683,Harding,,,-30.5833,29.8833
4684,Harding,,,-30.5833,29.8833
4685,Kokstad,,,-30.55,29.4167
4687,Harding,,,-30.5833,29.8833
4688,Harding,,,-30.5833,29.8833
4689,Harding,,,-30.5833,29.8833
4693,Kokstad,,,-30.55,29.4167
4700,Kokstad,,,-30.55,29.4167
4706,Kokstad,,,-30.55,29.4167
4710,Kokstad,,,-30.55,29.4167
4730,Matatiele,,,-30.3333,28.8
4731,Matatiele,,,-30.3333,28.8
4735,Mount Ayliff,,,-30.8,29.3667
4736,Mount Ayliff,,,-30.8,29.3667
4737,Mount Ayliff,,,-30.8,29.3667
4738,Mount Ayliff,,,-30.8,29.3667
4740,Maluti,,,-30.25,28.5333
4740,Umtata,,,-31.5833,28.7833
4742,Maluti,,,-30.25,28.5333
4743,Queens Mercy,,,-30.25,28.5333
4743,Queen'S Mercy,,,-30.25,28.5333
4751,Magadla,,,-30.6,27.3167
4752,Magadla,,,-30.6,27.3167
4753,Magadla,,,-30.6,27.3167
4770,Mount Fletcher,,,-30.6833,28.5167
4771,Mount Fletcher,,,-30.6833,28.5167
4772,Mount Fletcher,,,-30.6833,28.5167
4773,Mount Fletcher,,,-30.6833,28.5167
4774,Mount Fletcher,,,-30.6833,28.5167
4776,Mount Fletcher,,,-30.6833,28.5167
4777,Mount Fletcher,,,-30.6833,28.5167
4778,Mount Fletcher,,,-30.6833,28.5167
4780,Mount Fletcher,,,-30.6833,28.5167
4781,Mount Fletcher,,,-30.6833,28.5167
4786,Mount Fletcher,,,-30.6833,28.5167
4788,Queen'S Mercy,,,-30.25,28.5333
4789,Mount Fletcher,,,-30.6833,28.5167
4790,Mount Fletcher,,,-30.6833,28.5167
4800,Bizana,,,-30.85,29.85
4802,Bizana,,,-30.85,29.85
4803,Bizana,,,-30.85,29.85
4804,Bizana,,,-30.85,29.85
4810,Flagstaff,,,-31.0833,29.4833
4811,Flagstaff,,,-31.0833,29.4833
4812,Flagstaff,,,-31.0833,29.4833
4813,Flagstaff,,,-31.0833,29.4833
4814,Flagstaff,,,-31.0833,29.4833
4820,Lusikisiki,,,-31.35,29.5833
4821,Flagstaff,,,-31.0833,29.4833
4822,Lusikisiki,,,-31.35,29.5833
4824,Lusikisiki,,,-31.35,29.5833
4825,Lusikisiki,,,-31.35,29.5833
4828,Lusikisiki,,,-31.35,29.5833
4930,Stutterheim,,,-32.5667,27.4167
4931,King William'S Town,,,-32.8833,27.4
4934,Stutterheim,,,-32.5667,27.4167
4935,Stutterheim,,,-32.5667,27.4167
4950,Komga,,,-32.5833,27.9
4960,Butterworth,,,-32.3333,28.15
4961,Butterworth,,,-32.3333,28.15
4961,Msobomvu,,,-32.3333,28.15
4963,Butterworth,,,-32.3333,28.15
4964,Ndabakazi,,,-32.3333,28.15
4968,Butterworth,,,-32.3333,28.15
4980,Kentani,,,-32.5167,28.3167
4982,Kentani,,,-32.5167,28.3167
4990,Nqamakwe,,,-32.2333,28.0667
4991,Nqamakwe,,,-32.2333,28.0667
4992,Nqamakwe,,,-32.2,27.9333
5000,Idutywa,,,-32.1,28.3
5002,Idutywa,,,-32.1,28.3
5003,Idutywa,,,-32.1,28.3
5004,Idutywa,,,-32.1,28.3
5005,Idutywa,,,-32.1,28.3
5006,Idutywa,,,-32.1,28.3
5007,Idutywa,,,-32.1,28.3
5010,Idutywa,,,-32.1,28.3
5011,Idutywa,,,-32.1,28.3
5012,Idutywa,,,-32.1,28.3
5013,Butterworth,,,-32.3333,28.15
5014,Idutywa,,,-32.1,28.3
5015,Idutywa,,,-32.1,28.3
5016,Idutywa,,,-32.1,28.3
5017,Idutywa,,,-32.1,28.3
5018,Idutywa,,,-32.1,28.3
5019,Idutywa,,,-32.1,28.3
5021,Idutywa,,,-32.1,28.3
5024,Clarkebury,,,-31.7833,28.3
5026,Clarkebury,,,-31.7833,28.3
5035,Umtata,,,-31.5833,28.7833
5040,Willowvale,,,-32.2667,28.5167
5041,Willowvale,,,-32.2667,28.5167
5042,Willowvale,,,-32.2667,28.5167
5043,Willowvale,,,-30.7167,26.8167
5050,Engcobo,,,-31.6833,28
5051,Engcobo,,,-31.6667,28
5052,Engcobo,,,-31.6833,28
5054,Engcobo,,,-31.6833,28
5055,Engcobo,,,-31.6833,28
5056,Engcobo,,,-31.6833,28
5057,Engcobo,,,-31.6833,28
5058,Engcobo,,,-31.6833,28
5070,Elliotdale,,,-31.9667,28.6833
5072,Elliotdale,,,-31.9667,28.6833
5073,Elliotdale,,,-31.9667,28.6833
5075,Elliotdale,,,-31.9667,28.6833
5079,Mqanduli,,,-31.8167,28.75
5080,Mqanduli,,,-31.8167,28.75
5081,Mqanduli,,,-31.8167,28.75
5082,Mqanduli,,,-31.8167,28.75
5083,Mqanduli,,,-31.8167,28.75
5084,Mqanduli,,,-31.8167,28.75
5085,Mqanduli,,,-31.8167,28.75
5086,Mount Frere,,,-30.9167,28.9833
5087,Mount Frere,,,-30.9167,28.9833
5088,Mount Frere,,,-30.9167,28.9833
5089,Mount Frere,,,-30.9167,28.9833
5090,Mount Frere,,,-30.9167,28.9833
5091,Mount Frere,,,-30.9167,28.9833
5092,Mount Frere,,,-30.9167,28.9833
5093,Mount Frere,,,-30.9167,28.9833
5094,Mount Frere,,,-30.9167,28.9833
5095,Mount Frere,,,-30.9167,28.9833
5096,Mount Frere,,,-30.9167,28.9833
5097,Mount Frere,,,-30.9167,28.9833
5100,Umtata,,,-31.5833,28.7833
5101,Umtata,,,-31.5833,28.7833
5102,Umtata,,,-31.5833,28.7833
5103,Umtata,,,-31.5833,28.7833
5104,Umtata,,,-31.5833,28.7833
5105,Umtata,,,-31.5833,28.7833
5106,Umtata,,,-31.5833,28.7833
5107,Umtata,,,-31.5833,28.7833
5108,Umtata,,,-31.5833,28.7833
5109,Umtata,,,-31.5833,28.7833
5111,Umtata,,,-31.5833,28.7833
5113,Umtata,,,-31.5833,28.7833
5114,Umtata,,,-31.5833,28.7833
5115,Umtata,,,-31.5833,28.7833
5116,Umtata,,,-31.5833,28.7833
5117,Umtata,,,-31.5833,28.7833
5118,Elliotdale,,,-31.9667,28.6833
5120,Port St Johns,,,-31.5833,28.7833
5121,Port St Johns,,,-31.5833,28.7833
5122,Port St Johns,,,-31.5833,28.7833
5127,Umtata,,,-31.5833,28.7833
5129,Mqanduli,,,-31.8167,28.75
5130,Tabankulu,,,-30.9667,29.3
5131,Tabankulu,,,-30.9667,29.3
5132,Tabankulu,,,-30.9667,29.3
5134,Tabankulu,,,-30.9667,29.3
5135,Tabankulu,,,-30.9667,29.3
5136,Tabankulu,,,-30.9667,29.3
5140,Ngqeleni,,,-31.6667,29.0333
5141,Ngqeleni,,,-30.9833,29.5167
5150,Ngqeleni,,,-31.6667,29.0333
5160,Libode,,,-31.5333,29.0167
5161,Libode,,,-31.5333,29.0167
5162,Libode,,,-31.5333,29.0167
5163,Libode,,,-31.5333,29.0167
5170,Tsolo,,,-31.3167,28.75
5171,Tsolo,,,-31.3167,28.75
5174,Tsolo,,,-31.3167,28.75
5180,Umtata,,,-31.15,28.8667
5180,Qumbu,,,-31.15,28.8667
5181,Qumbu,,,-31.15,28.8667
5182,Qumbu,,,-31.15,28.8667
5183,Qumbu,,,-31.15,28.8667
5184,Qumbu,,,-31.15,28.8667
5185,Qumbu,,,-31.15,28.8667
5186,Qumbu,,,-31.15,28.8667
5187,Qumbu,,,-31.15,28.8667
5188,Qumbu,,,-31.15,28.8667
5189,Qumbu,,,-31.15,28.8667
5190,Qumbu,,,-31.15,28.8667
5201,Oos-Londen,,,-33.0333,27.9167
5201,East London,,,-33.0249,27.9082
5204,East London,,,-33.0333,27.9167
5205,East London,,,-33.0333,27.9167
5205,Oos-Londen,,,-33.0333,27.9167
5206,East London,,,-33.0333,27.9167
5207,Oos-Londen,,,-33.0333,27.9167
5207,East London,,,-33.0333,27.9167
5208,East London,,,-33.0333,27.9167
5209,Oos-Londen,,,-33.0333,27.9167
5209,East London,,,-33.0333,27.9167
5209,Pefferville,,,-33.0333,27.9167
5210,East London,,,-33.0333,27.9167
5211,East London,,,-33.0333,27.9167
5212,East London,,,-33.0333,27.9167
5213,East London,,,-33.0333,27.9167
5214,East London,,,-33.0333,27.9167
5216,East London,,,-33.0333,27.9167
5217,East London,,,-33.0333,27.9167
5218,East London,,,-33.0333,27.9167
5219,East London,,,-33.0333,27.9167
5220,East London,,,-33.0333,27.9167
5221,Mdantsane,,,-32.95,27.7667
5241,Oos-Londen,,,-33.0333,27.9167
5241,East London,,,-33.0333,27.9167
5241,Nahoon,,,-33.0333,27.9167
5247,Oos-Londen,,,-33,27.9
5247,East London,,,-33.0333,27.9167
5247,Cambridge,,,-32.9667,27.8833
5252,East London,,,-33.0333,27.9167
5253,East London,,,-33.0333,27.9167
5257,Gonubie,,,-32.9333,28.0167
5258,Gonubie,,,-32.9333,28.0167
5259,East London,,,-33.0333,27.9167
5260,East London,,,-33.0333,27.9167
5264,East London,,,-33.0333,27.9167
5265,East London,,,-33.0333,27.9167
5272,East London,,,-33.0333,27.9167
5275,East London,,,-33.0333,27.9167
5275,Oos-Londen,,,-33.0333,27.9167
5284,East London,,,-33.0333,27.9167
5288,East London,,,-33.0333,27.9167
5292,East London,,,-33.0333,27.9167
5292,Oos-Londen,,,-33.0333,27.9167
5310,Cathcart,,,-32.3,27.1333
5319,Queenstown,,,-31.9,26.8833
5320,Queenstown,,,-31.9,26.8833
5321,Queenstown,,,-31.9,26.8833
5322,Queenstown,,,-31.9,26.8833
5328,Queenstown,,,-31.9,26.8833
5329,Cofimvaba,,,-32.0167,27.5833
5330,Queenstown,,,-31.9,26.8833
5331,Cofimvaba,,,-32.0167,27.5833
5341,Lady Frere,,,-31.7,27.2333
5360,Whittlesea,,,-32.1667,26.8167
5362,Whittlesea,,,-32.1667,26.8167
5364,Whittlesea,,,-32.1667,26.8167
5365,Cradock,,,-32.1833,25.6167
5370,Tarkastad,,,-32.0167,26.2667
5375,Cofimvaba,,,-32.0167,27.5833
5376,Cofimvaba,,,-32.0167,27.5833
5377,Cofimvaba,,,-32.0167,27.5833
5380,Cofimvaba,,,-32.0167,27.5833
5381,Cofimvaba,,,-32.0167,27.5833
5382,Cofimvaba,,,-32.0167,27.5833
5400,Tsomo,,,-32.0333,27.8
5401,Tsomo,,,-32.0333,27.8
5402,Tsomo,,,-32.0333,27.8
5404,Tsomo,,,-32.0333,27.8
5405,Tsomo,,,-32.0333,27.8
5410,Lady Frere,,,-31.7,27.2333
5411,Lady Frere,,,-31.7,27.2333
5412,Lady Frere,,,-31.7,27.2333
5414,Lady Frere,,,-31.7,27.2333
5415,Lady Frere,,,-31.7,27.2333
5416,Lady Frere,,,-31.7,27.2333
5417,Lady Frere,,,-31.7,27.2333
5418,Lady Frere,,,-31.7,27.2333
5419,Lady Frere,,,-31.7,27.2333
5420,Dordrecht,,,-31.3667,27.05
5425,Sterkstroom,,,-31.5667,26.55
5435,Dordrecht,,,-31.3667,27.05
5436,Dordrecht,,,-31.3667,27.05
5445,Indwe,,,-31.4667,27.3333
5455,Cala,,,-31.5167,27.7
5460,Elliot,,,-30.9167,26.6833
5480,Maclear,,,-31.0833,28.3667
5481,Maclear,,,-31.0833,28.3667
5483,Maclear,,,-31.0833,28.3667
5500,Molteno,,,-31.4,26.3667
5600,King William'S Town,,,-32.8833,27.4
5601,King Williams Town,,,-32.8833,27.4
5601,King William'S Town,,,-32.8833,27.4
5605,Bisho,,,-32.8667,27.4333
5606,Bisho,,,-32.8667,27.4333
5607,King William'S Town,,,-32.8833,27.4
5608,Bisho,,,-32.8667,27.4333
5609,King William'S Town,,,-32.8833,27.4
5610,King William'S Town,,,-32.8833,27.4
5611,King Williams Town,,,-32.8833,27.4
5612,Peddie,,,-33.2,27.1167
5614,King Williams Town,,,-32.8833,27.4
5620,Bisho,,,-32.8667,27.4333
5630,Whittlesea,,,-32.1667,26.8167
5643,Peddie,,,-33.2,27.1167
5644,Peddie,,,-33.2,27.1167
5645,Peddie,,,-33.2,27.1167
5671,Bisho,,,-32.8667,27.4333
5680,Keiskammahoek,,,-32.6833,27.15
5686,Middledrift,,,-32.8167,26.9833
5688,East London,,,-33.0333,27.9167
5700,Alice,,,-32.7833,26.8333
5701,Alice,,,-32.7833,26.8333
5702,Alice,,,-32.7833,26.8333
5703,Alice,,,-32.7833,26.8333
5705,Alice,,,-32.7833,26.8333
5706,Alice,,,-32.7833,26.8333
5708,Alice,,,-32.7833,26.8333
5720,Fort Beaufort,,,-32.7833,26.6333
5730,Fort Beaufort,,,-32.7833,26.6333
5740,Eastern Cape,,,-32.765,26.685
5760,Adelaide,,,-32.7,26.3
5780,Bedford,,,-32.6833,26.0833
5805,Grahamstad,,,-33.3,26.5333
5805,Grahamstown,,,-33.3,26.5333
5820,Cookhouse,,,-32.75,25.8167
5821,Cookhouse,,,-32.75,25.8167
5824,Cookhouse,,,-32.75,25.8167
5830,Cookhouse,,,-32.75,25.8167
5850,Somerset East,,,-32.7167,25.5833
5860,Pearston,,,-32.5833,25.1333
5870,Cradock,,,-32.1833,25.6167
5880,Cradock,,,-32.1833,25.6167
5881,Cradock,,,-32.1833,25.6167
5882,Cradock,,,-32.1833,25.6167
5883,Cradock,,,-32.1833,25.6167
5884,Cradock,,,-32.1833,25.6167
5900,Eastern Cape,,,-29.8389,26.2444
5900,Middelburg,,,-25.7833,29.4667
5920,Steynsburg,,,-31.3,25.8167
5930,Hofmeyr,,,-31.65,25.8
5950,Noupoort,,,-31.1874,24.9499
6000,Port Elizabeth,,,-33.9667,25.5833
6001,Port Elizabeth,,,-33.9766,25.6324
6003,Port Elizabeth,,,-33.9667,25.5833
6004,Zwide,,,-33.8667,25.5667
6005,Port Elizabeth,,,-33.9667,25.5833
6006,Port Elizabeth,,,-33.9667,25.5833
6008,Port Elizabeth,,,-33.9667,25.5833
6011,Emerald Hill,,,-34,25.55
6011,Port Elizabeth,,,-33.9667,25.5833
6012,Port Elizabeth,,,-33.9667,25.5833
6012,Estadeal,,,-33.9667,25.5833
6013,Port Elizabeth,,,-33.9666,25.5833
6014,Port Elizabeth,,,-33.9667,25.5833
6015,Port Elizabeth,,,-33.9667,25.5833
6016,Port Elizabeth,,,-33.9667,25.5833
6017,Hunter'S Retreat,,,-33.9667,25.5833
6017,Port Elizabeth,,,-33.9667,25.5833
6018,Port Elizabeth,,,-33.9667,25.5833
6019,Port Elizabeth,,,-33.9666,25.5833
6020,Port Elizabeth,,,-33.9667,25.5833
6020,Gelvandale,,,-33.9167,25.55
6021,Uitenhage,,,-33.7653,25.4022
6025,Port Elizabeth,,,-33.9667,25.5833
6025,Linton Grange,,,-33.94,25.56
6026,Port Elizabeth,,,-33.9667,25.5833
6027,Port Elizabeth,,,-33.9667,25.5833
6028,Bethelsdorp,,,-33.8833,25.5
6031,Port Elizabeth,,,-33.9667,25.5833
6032,Port Elizabeth,,,-33.9667,25.5833
6033,Port Elizabeth,,,-33.9667,25.5833
6045,Port Elizabeth,,,-33.9667,25.5833
6045,Newton Park,,,-33.95,25.5667
6055,Port Elizabeth,,,-33.9667,25.5833
6056,Port Elizabeth,,,-33.9667,25.5833
6057,Port Elizabeth,,,-33.9667,25.5833
6058,Port Elizabeth,,,-33.9667,25.5833
6059,Saltville,,,-33.9667,25.5833
6059,Port Elizabeth,,,-33.9667,25.5833
6060,Port Elizabeth,,,-33.9667,25.5833
6061,Port Elizabeth,,,-33.9667,25.5833
6062,Port Elizabeth,,,-33.9667,25.5833
6065,Port Elizabeth,,,-33.9667,25.5833
6070,Port Elizabeth,,,-33.9917,25.5667
6070,Emerald Hill,,,-34,25.55
6070,Walmer,,,-33.9833,25.5833
6105,Addo,,,-33.5667,25.6833
6107,Addo,,,-33.5667,25.6833
6109,Addo,,,-33.5667,25.6833
6115,Addo,,,-33.5667,25.6833
6120,Kirkwood,,,-33.4156,25.4436
6121,Kirkwood,,,-33.4156,25.4436
6125,Kirkwood,,,-33.4156,25.4436
6130,Paterson,,,-33.45,25.9667
6131,Paterson,,,-33.45,25.9667
6135,Alicedale,,,-33.3167,26.0833
6139,Peddie,,,-33.3,26.5333
6139,Grahamstad,,,-33.3,26.5333
6139,Grahamstown,,,-33.3,26.5333
6140,Grahamstown,,,-33.3,26.5333
6141,Grahamstad,,,-33.3,26.5333
6141,Grahamstown,,,-33.3,26.5333
6142,Grahamstown,,,-33.3,26.5333
6143,Grahamstown,,,-33.3,26.5333
6145,Grahamstown,,,-33.3,26.5333
6146,Grahamstown,,,-33.3,26.5333
6150,Grahamstown,,,-33.3,26.5333
6166,Bathurst,,,-33.4833,26.8333
6170,Port Alfred,,,-33.6,26.9
6171,Port Alfred,,,-33.6,26.9
6172,Port Alfred,,,-33.6,26.9
6172,Southseas,,,-33.6,26.9
6173,Port Alfred,,,-33.6,26.9
6175,Colchester,,,-33.6,26.9
6175,Port Elizabeth,,,-33.9667,25.5833
6180,Port Elizabeth,,,-33.9667,25.5833
6185,Alexandria,,,-24.9167,31.15
6186,Alexandria,,,-24.9167,31.15
6187,Alexandria,,,-24.9167,31.15
6188,Port Elizabeth,,,-33.9667,25.5833
6189,Alexandria,,,-24.9167,31.15
6191,Kenton On Sea,,,-33.7,26.6833
6200,Port Elizabeth,,,-33.9,25.6
6200,New Brighton,,,-33.9,25.6
6201,New Brighton,,,-33.9,25.6
6201,Zwide,,,-33.9333,25.5917
6201,Port Elizabeth,,,-33.9667,25.5833
6202,New Brighton,,,-33.9,25.6
6204,Port Elizabeth,,,-33.9667,25.5833
6205,Port Elizabeth,,,-33.9667,25.5833
6205,Kwazakhele,,,-33.8667,25.5833
6209,Port Elizabeth,,,-33.9667,25.5833
6210,Swartkops,,,-33.8667,25.6
6210,Port Elizabeth,,,-33.9667,25.5833
6211,Port Elizabeth,,,-33.9667,25.5833
6211,Motherwell,,,-33.9667,25.5833
6212,Port Elizabeth,,,-33.9667,25.5833
6213,Port Elizabeth,,,-33.9667,25.5833
6215,Port Elizabeth,,,-33.9667,25.5833
6220,Despatch,,,-33.8,25.4667
6220,Port Elizabeth,,,-33.8,25.4667
6229,Uitenhage,,,-33.7653,25.4022
6230,Uitenhage,,,-33.7653,25.4022
6231,Uitenhage,,,-33.7653,25.4022
6232,Uitenhage,,,-33.7653,25.4022
6234,Uitenhage,,,-33.7653,25.4022
6237,Port Elizabeth,,,-33.9667,25.5833
6238,Uitenhage,,,-33.7653,25.4022
6241,Port Elizabeth,,,-33.9667,25.5833
6241,Gambleville,,,-33.7839,25.3974
6242,Kwanobuhle,,,-33.8025,25.3925
6242,Uitenhage,,,-33.7653,25.4022
6250,Steytlerville,,,-33.3328,24.3447
6255,Klipplaat,,,-33.0211,24.3369
6265,Jansenville,,,-32.9333,24.6667
6270,Aberdeen,,,-32.4833,24.0667
6280,Graaff-Reinet,,,-32.25,24.55
6281,Graaff-Reinet,,,-32.25,24.55
6282,Adendorp,,,-32.3,24.55
6286,Graaff-Reinet,,,-32.25,24.55
6300,Humansdorp,,,-34.0333,24.7667
6302,Humansdorp,,,-34.0333,24.7667
6303,Humansdorp,,,-34.0333,24.7667
6304,Humansdorp,,,-34.0333,24.7667
6306,Humansdorp,,,-34.0333,24.7667
6307,Humansdorp,,,-34.0333,24.7667
6310,Humansdorp,,,-34.0333,24.7667
6311,Humansdorp,,,-34.0333,24.7667
6313,Humansdorp,,,-34.0333,24.7667
6330,Jeffreys Bay,,,-33.9028,24.8675
6331,Jeffreys Bay,,,-33.9028,24.8675
6332,Jeffreysbaai,,,-34.05,24.9167
6332,Jeffreys Bay,,,-34.05,24.9167
6335,Patensie,,,-33.7556,24.8183
6350,Hankey,,,-33.8333,24.8833
6351,Hackney,,,-32.3167,26.6333
6360,Port Elizabeth,,,-33.9667,25.5833
6365,Port Elizabeth,,,-33.9667,25.5833
6375,Humansdorp,,,-34.0333,24.7667
6385,Port Elizabeth,,,-33.9667,25.5833
6390,Port Elizabeth,,,-33.9667,25.5833
6400,Kareedouw,,,-30.7833,25.85
6410,Joubertina,,,-30.85,26.6833
6446,Willowmore,,,-33.2833,23.4833
6447,Willowmore,,,-33.2833,23.4833
6451,Willowmore,,,-33.2833,23.4833
6452,Willowmore,,,-33.2833,23.4833
6454,Willowmore,,,-33.2833,23.4833
6460,Uniondale,,,-33.65,23.1333
6462,Uniondale,,,-33.65,23.1333
6463,Uniondale,,,-33.65,23.1333
6466,Uniondale,,,-33.65,23.1333
6467,Uniondale,,,-33.65,23.1333
6480,Uniondale,,,-33.65,23.1333
6490,Uniondale,,,-33.65,23.1333
6501,Mossel Bay,,,-34.1833,22.1333
6503,Mosselbaai,,,-34.1833,22.1333
6503,Mossel Bay,,,-34.1833,22.1333
6504,Mossel Bay,,,-34.1833,22.1333
6505,Mossel Bay,,,-34.1833,22.1333
6506,Kwanonqaba,,,-34.1833,22.1333
6506,Mossel Bay,,,-34.1833,22.1333
6506,Mosselbay,,,-34.1833,22.1333
6506,Mosselbaai,,,-34.1833,22.1333
6507,Mossel Bay,,,-34.1833,22.1333
6510,Mossel Bay,,,-34.1833,22.1333
6510,Mosselbaai,,,-34.1833,22.1333
6511,Mossel Bay,,,-34.1833,22.1333
6520,Hartenbos,,,-34.1167,22.1167
6525,Great Brak River,,,-34.0333,22.2167
6525,Groot-Brakrivier,,,-34.0333,22.2167
6526,Great Brak River,,,-34.0333,22.2167
6529,George East,,,-33.8167,25.65
6529,Pacaltsdorp,,,-34.0167,22.45
6529,George,,,-33.9667,22.45
6531,George,,,-33.9666,22.4499
6534,George,,,-33.9667,22.45
6535,George,,,-33.9667,22.45
6536,George,,,-33.9666,22.4499
6537,George,,,-33.9667,22.45
6538,George,,,-33.9667,22.45
6539,George,,,-33.9667,22.45
6541,George,,,-33.9667,22.45
6544,George,,,-33.9667,22.45
6560,George,,,-33.9667,22.45
6570,Knysna,,,-34.034,23.0343
6571,Knysna,,,-34.0333,23.0333
6573,Sedgefield,,,-34.0167,22.8
6576,Knysna,,,-34.0333,23.0333
6580,Knysna,,,-34.0333,23.0333
6583,Knysna,,,-34.0333,23.0333
6600,Plettenbergbaai,,,-34.0455,23.3727
6600,Plettenberg Bay,,,-34.0455,23.3727
6602,Plettenberg Bay,,,-34.05,23.3666
6603,Plettenberg Bay,,,-34.05,23.3667
6604,Plettenberg Bay,,,-34.05,23.3666
6605,Plettenberg Bay,,,-34.05,23.3667
6606,Plettenberg Bay,,,-34.05,23.3667
6615,George,,,-33.9667,22.45
6623,Oudtshoorn,,,-33.5833,22.2
6624,Oudtshoorn,,,-33.5833,22.2
6625,Oudtshoorn,,,-33.5833,22.2
6625,Oudshoorn,,,-33.5833,22.2
6628,Oudtshoorn,,,-33.5833,22.2
6631,Oudtshoorn,,,-33.5833,22.2
6632,Oudtshoorn,,,-33.5833,22.2
6633,Oudtshoorn,,,-33.5833,22.2
6634,Oudtshoorn,,,-33.5833,22.2
6650,Oudtshoorn,,,-33.5833,22.2
6651,Oudtshoorn,,,-33.5833,22.2
6655,Ladismith,,,-33.4833,21.2667
6655,Western Cape,,,-33.55,21.8889
6656,Ladismith,,,-33.4833,21.2667
6660,Calitzdorp,,,-33.5333,21.6833
6665,Heidelberg Wc,,,-33.5333,21.6833
6665,Western Cape,,,-33.5333,21.6833
6666,Heidelberg Wc,,,-33.5333,21.6833
6667,Heidelberg Wc,,,-33.5333,21.6833
6670,Riversdale,,,-34.1,21.2667
6671,Riversdale,,,-34.1,21.2667
6674,Stilbaai,,,-34.3667,21.4167
6674,Still Bay,,,-34.3667,21.4
6675,Still Bay,,,-34.3667,21.4
6676,Still Bay,,,-34.3667,21.4
6690,Ladismith,,,-33.4833,21.2667
6695,Albertina,,,-34.2,21.5833
6695,Albertinia,,,-34.2,21.5833
6696,Albertina,,,-34.2,21.5833
6705,Robertson,,,-33.8,19.8833
6707,Robertson,,,-33.8,19.8833
6715,Ashton,,,-33.8167,20.05
6720,Montagu,,,-33.7833,20.1167
6730,Bonnievale,,,-33.9333,22.0333
6740,Swellendam,,,-34.0333,20.4333
6741,Bonnievale,,,-33.9333,20.1
6742,Swellendam,,,-34.0333,20.4333
6743,Swellendam,,,-34.0333,20.4333
6810,Porterville,,,-33.0167,18.9833
6811,Porterville,,,-33.0167,18.9833
6812,Porterville,,,-33.0167,18.9833
6820,Western Cape,,,-33.2833,19.15
6820,Tulbagh,,,-33.2833,19.15
6821,Tulbagh,,,-33.2833,19.15
6830,Wolseley,,,-33.4167,19.2
6835,Prince Alfred Hamlet,,,-33.3,19.3167
6835,Ceres,,,-33.3667,19.3167
6836,Ceres,,,-33.3667,19.3167
6837,Ceres,,,-33.3667,19.3167
6838,Ceres,,,-33.3667,19.3167
6840,Prince Alfred Hamlet,,,-33.3667,19.3167
6840,Ceres,,,-33.3667,19.3167
6845,Worcester,,,-33.65,19.4333
6850,Worcester,,,-33.65,19.4333
6851,Worcester,,,-33.65,19.4333
6852,Worcester,,,-33.65,19.4333
6853,Worcester,,,-33.65,19.4333
6854,Worcester,,,-33.65,19.4333
6855,Worcester,,,-33.65,19.4333
6856,Worcester,,,-33.65,19.4333
6857,Worcester,,,-33.65,19.4333
6858,Worcester,,,-33.65,19.4333
6859,Worcester,,,-24.3,30.5167
6861,Worcester,,,-33.65,19.4333
6862,Worcester,,,-33.65,19.4333
6863,Worcester,,,-24.3,30.5167
6870,Worcester,,,-33.65,19.4333
6880,Touwsrivier,,,-33.3333,20.0333
6880,Touws River,,,-33.3333,20.0333
6901,Laingsburg,,,-33.2,20.85
6920,Sutherland,,,-32.4,20.6667
6932,Prince Albert,,,-33.2167,22.0333
6940,Beaufort West,,,-32.35,22.5833
6950,Beaufort West,,,-32.35,22.5833
6960,Fraserburg,,,-31.9167,21.5167
6970,Beaufort West,,,-32.35,22.5833
6970,Beaufort-Wes,,,-32.35,22.5833
6970,Beaufort Wes,,,-32.35,22.5833
6973,Beaufort West,,,-32.35,22.5833
7000,De Aar,,,-30.65,24.0167
7005,Hanover,,,-31.0667,24.45
7070,Victoria West,,,-31.4,23.1167
7071,Victoria West,,,-31.4,23.1167
7090,Richmond,,,-29.8667,30.2667
7090,Northern Cape,,,-31.2889,23.5611
7100,Kaapstad,,,-33.9778,18.6167
7100,Delft,,,-33.9778,18.6167
7100,Eersterivier,,,-34.0167,18.7
7100,Eerste River,,,-34,18.7333
7100,Eerste Rivier,,,-33.9778,18.6167
7100,Cape Town,,,-33.9167,18.4167
7101,Eerste River,,,-34,18.7333
7102,Eerste River,,,-34,18.7333
7103,Cape Town,,,-33.9167,18.4167
7103,Kaapstad,,,-33.9167,18.4167
7105,Eerste River,,,-34,18.7333
7110,Somerset West,,,-34.0833,18.85
7130,Somerset West,,,-34.0833,18.85
7130,Macassar,,,-34.0667,18.7667
7130,Firgrove,,,-34.075,18.8083
7130,Somerset-Wes,,,-34.075,18.8083
7131,Somerset West,,,-34.0833,18.85
7133,Somerset West,,,-34.0833,18.85
7134,Somerset West,,,-34.0833,18.85
7135,Somerset West,,,-34.0833,18.85
7140,Strand,,,-34.1167,18.8333
7140,Gordon'S Bay,,,-34.1667,18.8667
7141,Kleinmond,,,-34.35,19.0333
7144,Strand,,,-34.1167,18.8333
7151,Strand,,,-34.1167,18.8333
7160,Grabouw,,,-34.15,19.0167
7171,Grabouw,,,-34.15,19.0167
7180,Grabouw,,,-34.15,19.0167
7185,Caledon,,,-34.2167,19.4167
7195,Kleinmond,,,-34.35,19.0333
7196,Kleinmond,,,-34.35,19.0333
7200,Hermanus,,,-34.4166,19.2333
7201,Hermanus,,,-34.4167,19.2333
7201,Onrus River,,,-34.4167,19.2333
7202,Hermanus,,,-34.4167,19.2333
7210,Hermanus,,,-34.4167,19.2333
7220,Gans Bay,,,-34.5833,19.35
7221,Gans Bay,,,-34.5833,19.35
7230,Caledon,,,-34.2167,19.4167
7232,Caledon,,,-34.2167,19.4167
7250,Riviersonderend,,,-34.15,19.9
7250,Caledon,,,-34.15,19.9
7252,Riviersonderend,,,-34.15,19.9
7271,Gans Bay,,,-34.5833,19.35
7281,Bredasdorp,,,-34.5333,20.0333
7282,Bredasdorp,,,-34.5333,20.0333
7282,Saldanha,,,-34.5333,20.0333
7283,Bredasdorp,,,-34.5333,20.0333
7285,Bredasdorp,,,-34.5333,20.0333
7287,Bredasdorp,,,-34.5333,20.0333
7300,Malmesbury,,,-33.45,18.7333
7302,Malmesbury,,,-33.45,18.7333
7303,Malmesbury,,,-33.45,18.7333
7304,Atlantis,,,-33.5667,18.4833
7305,Malmesbury,,,-33.45,18.7333
7306,Malmesbury,,,-33.45,18.7333
7307,Malmesbury,,,-33.45,18.7333
7308,Malmesbury,,,-33.45,18.7333
7310,Moorreesburg,,,-33.15,18.6667
7312,Moorreesburg,,,-33.15,18.6667
7320,Piketberg,,,-32.9,18.7667
7321,Piketberg,,,-32.9,18.7667
7322,Piketberg,,,-32.9,18.7667
7323,Piketberg,,,-32.9,18.7667
7325,Piketberg,,,-32.9,18.7667
7335,Piketberg,,,-32.9,18.7667
7340,Citrusdal,,,-32.6,19.0167
7345,Darling,,,-26.9833,29.3167
7347,Dassenberg,,,-33.0833,18.75
7348,Atlantis,,,-33.5667,18.4833
7349,Kaapstad,,,-33.5667,18.4833
7349,Atlantis,,,-33.5667,18.4833
7349,Dassenberg,,,-33.5667,18.4833
7350,Atlantis,,,-33.5667,18.4833
7351,Darling,,,-33.3833,18.3833
7352,Dassenberg,,,-33.3367,18.3467
7353,Atlantis,,,-33.5667,18.4833
7354,Atlantis,,,-33.5667,18.4833
7355,Hopefield,,,-33.0667,18.35
7357,Langebaan,,,-33.1,18.0333
7358,Atlantis,,,-33.5667,18.4833
7365,Velddrif,,,-32.7833,18.1667
7375,Vredenburg,,,-32.9,17.9833
7380,Vredenburg,,,-32.9,17.9833
7381,Vredenburg,,,-32.9,17.9833
7382,Saldanha,,,-33.0167,17.95
7382,Vredenburg,,,-32.9,17.9833
7390,Vredenburg,,,-32.9,17.9833
7395,Saldanha,,,-33.0167,17.95
7400,Cape Town,,,-33.9167,18.4167
7400,Kaapstad,,,-33.9167,18.4167
7404,Cape Town,,,-33.9167,18.4167
7405,Paarden Island,,,-33.9083,18.45
7405,Rugby,,,-33.9,18.4833
7405,Kaapstad,,,-33.9167,18.4167
7405,Ysterplaat,,,-33.9,18.4833
7405,Cape Town,,,-33.9167,18.4167
7405,Maitland,,,-33.9083,18.45
7406,Cape Town,,,-33.9167,18.4167
7407,Cape Town,,,-33.9167,18.4167
7420,Cape Town,,,-33.9167,18.4167
7420,Kaapstad,,,-33.9167,18.4167
7425,Cape Town,,,-33.9167,18.4167
7430,Cape Town,,,-33.9167,18.4167
7435,Cape Town,,,-33.8667,18.4833
7435,Milnerton,,,-33.9166,18.4166
7436,Milnerton,,,-33.8667,18.4833
7437,Cape Town,,,-33.9167,18.4167
7439,Cape Town,,,-33.9167,18.4167
7440,Melkbosstrand,,,-33.7306,18.4361
7441,Milnerton,,,-33.8213,18.4454
7441,Table View,,,-33.8167,18.4833
7441,Bloubergrant,,,-33.8213,18.4454
7441,Cape Town,,,-33.9167,18.4167
7441,Bloubergstrand,,,-33.8213,18.4454
7441,Melkbosstrand,,,-33.7306,18.4361
7442,Milnerton,,,-33.8667,18.4833
7443,Milnerton,,,-33.9166,18.4166
7444,Bloubergrant,,,-33.8326,18.4632
7446,Milnerton,,,-33.8667,18.4833
7447,Milnerton,,,-33.8667,18.4833
7449,Bloubergrant,,,-33.8667,18.4833
7449,Milnerton,,,-33.8667,18.4833
7450,Pinelands,,,-33.9167,18.5
7451,Maitland,,,-33.9333,18.5
7455,Cape Town,,,-33.9333,18.5167
7455,Langa,,,-33.9333,18.5167
7456,Cape Town,,,-33.9167,18.4167
7460,Monte Vista,,,-33.8833,18.5667
7460,Goodwood,,,-33.9,18.55
7460,Cape Town,,,-33.8917,18.5583
7463,Cape Town,,,-33.9167,18.4167
7463,Goodwood,,,-26.45,24.1833
7465,Matroosfontein,,,-33.9333,18.5833
7475,Goodwood,,,-26.45,24.1833
7480,Matroosfontein,,,-33.9333,18.5833
7485,Goodwood,,,-26.45,24.1833
7489,Cape Town,,,-33.9167,18.4167
7490,Matroosfontein,,,-33.9333,18.5833
7490,Elsiesrivier,,,-33.9167,18.5667
7490,Lavistown,,,-33.9222,18.5222
7490,Elsies River,,,-33.9222,18.5222
7490,Cape Town,,,-33.9167,18.4167
7491,Matroosfontein,,,-33.9333,18.5833
7493,Matroosfontein,,,-33.9333,18.5833
7493,Kaapstad,,,-33.9222,18.5333
7493,Cape Town,,,-33.9167,18.4167
7493,Belhar,,,-33.9222,18.5333
7493,Ravensmead,,,-33.9167,18.6
7499,Cape Town,,,-33.9167,18.4167
7500,Parow,,,-33.9,18.6
7500,Cape Town,,,-33.9167,18.4167
7501,Parow,,,-33.9,18.6
7503,Parow,,,-33.9,18.6
7504,Belhar,,,-33.95,18.6333
7505,Parow,,,-33.9,18.6
7506,Parow,,,-33.9,18.6
7507,Cape Town,,,-33.9167,18.4167
7525,Cape Town,,,-33.9167,18.4167
7525,Kaapstad,,,-33.9167,18.4167
7530,Cape Town,,,-33.9,18.6333
7530,Bellville,,,-33.9,18.6333
7532,Bellville,,,-33.9,18.6333
7533,Bellville,,,-33.9,18.6333
7535,Cape Town,,,-33.9167,18.4167
7536,Bellville,,,-33.9,18.6333
7537,Bellville,,,-33.9,18.6333
7538,Bellville,,,-33.9,18.6333
7539,Bellville,,,-33.9,18.6333
7540,Bellville,,,-33.9,18.6333
7550,Cape Town,,,-33.8333,18.65
7550,Durbanville,,,-33.8333,18.65
7551,Cape Town,,,-33.9167,18.4167
7560,Cape Town,,,-33.8667,18.6833
7560,Brackenfell,,,-33.8667,18.6833
7561,Cape Town,,,-33.9167,18.4167
7570,Kraaifontein,,,-33.8481,18.7172
7571,Kraaifontein,,,-30.0667,25.6667
7572,Kraaifontein North,,,-28.4278,26.8278
7579,Kuilsrivier,,,-25.15,29.15
7580,Blackheath,,,-26.1333,27.9667
7580,Kuilsriver,,,-31.3333,21.7667
7580,Kuilsrivier,,,-33.9333,18.6667
7580,Kuils River,,,-33.9333,18.6667
7581,Kuils River,,,-33.9333,18.6667
7582,Kuils River,,,-33.9333,18.6667
7583,Kuilsrivier,,,-25.15,29.15
7600,Stellenbosch,,,-33.9302,18.8449
7601,Stellenbosch,,,-33.9333,18.85
7602,Stellenbosch,,,-33.9333,18.85
7603,Stellenbosch,,,-33.9333,18.85
7604,Stellenbosch,,,-33.9333,18.85
7605,Stellenbosch,,,-33.9333,18.85
7607,Stellenbosch,,,-33.9333,18.85
7608,Stellenbosch,,,-33.9333,18.85
7611,Stellenbosch,,,-33.9333,18.85
7612,Stellenbosch,,,-33.9333,18.85
7613,Stellenbosch,,,-33.9333,18.85
7614,Stellenbosch,,,-33.9333,18.85
7615,Stellenbosch,,,-33.9333,18.85
7622,Paarl,,,-33.7333,18.9667
7623,Paarl,,,-33.7333,18.9667
7624,Paarl,,,-33.7333,18.9667
7625,Paarl,,,-33.7333,18.9667
7626,Paarl,,,-33.7333,18.9667
7627,Huguenot,,,-31.0833,26.6
7628,Nederburg,,,-33.2033,20.4933
7630,Paarl,,,-33.7333,18.9667
7645,Nederburg,,,-33.7297,19.2536
7646,Paarl,,,-33.7333,18.9667
7646,Huguenot,,,-31.0833,26.6
7646,Nederburg,,,-33.7297,19.2536
7655,Wellington,,,-33.6333,19
7655,Paarl,,,-33.7333,18.9667
7655,Mbekweni,,,-33.6833,18.9833
7656,Wellington,,,-33.6333,19
7670,Paarl,,,-33.7333,18.9667
7680,Paarl,,,-33.7333,18.9667
7681,Paarl,,,-33.7333,18.9667
7690,Franschhoek,,,-33.9166,19.1166
7691,Franschhoek,,,-33.9167,19.1167
7700,Mowbray,,,-33.9333,18.4667
7700,Newlands,,,-33.9785,18.4481
7700,Kaapstad,,,-32.9389,19.6667
7700,Rondebosch,,,-33.9633,18.4764
7700,Lansdowne,,,-32.9389,19.6667
7700,Cape Town,,,-33.9167,18.4167
7702,Rondebosch,,,-33.3533,19.19
7705,Cape Town,,,-33.9167,18.4167
7707,Rondebosch,,,-33.3533,19.19
7708,Cape Town,,,-33.975,18.475
7708,Claremont,,,-33.9833,18.4667
7708,Nuweland,,,-33.9667,18.4833
7725,Kaapstad,,,-33.9167,18.4167
7725,Cape Town,,,-33.9167,18.4167
7735,Cape Town,,,-33.9167,18.4167
7740,Claremont,,,-33.9833,18.4667
7745,Cape Town,,,-33.9167,18.4167
7750,Ottery,,,-33.9833,18.575
7750,Guguletu,,,-33.9833,18.5667
7750,Gugulethu,,,-33.9833,18.575
7750,Cape Town,,,-33.9833,18.575
7750,Khayalitsha,,,-33.9833,18.575
7750,Nyanga,,,-33.9833,18.5833
7751,Cape Town,,,-33.9167,18.4167
7752,Guguletu,,,-33.9833,18.5667
7755,Cape Town,,,-33.9167,18.4167
7756,Guguletu,,,-33.9833,18.5667
7760,Cape Town,,,-33.9167,18.4167
7762,Gatesville,,,-33.9625,18.4917
7763,Gatesville,,,-33.9625,18.4917
7764,Crawford,,,-33.9833,18.5
7764,Athlone,,,-33.9667,18.5
7764,Elspark,,,-33.9778,18.5167
7764,Lansdowne,,,-33.9778,18.5167
7764,Gatesville,,,-33.9778,18.5167
7764,Manenberg,,,-33.9833,18.55
7764,Cape Town,,,-33.9778,18.5167
7766,Cape Town,,,-33.9167,18.4167
7767,Gatesville,,,-33.9625,18.4917
7769,Gatesville,,,-33.9625,18.4917
7770,Lansdowne,,,-33.9833,18.5
7779,Cape Town,,,-33.9167,18.4167
7780,Gatesville,,,-33.9722,18.4667
7780,Landsdowne,,,-33.9722,18.4667
7780,Lansdowne,,,-33.9874,18.4975
7780,Ottery,,,-34.0167,18.4833
7780,Cape Town,,,-33.9167,18.4167
7780,Kenwyn,,,-33.9722,18.4667
7782,Cape Town,,,-33.9167,18.4167
7783,Cape Town,,,-33.9167,18.4167
7784,Khayalitsha,,,-33.9167,18.4167
7784,Khayelitsha,,,-33.9167,18.4167
7784,Mitchells Plain,,,-33.9167,18.4167
7784,Cape Town,,,-33.9167,18.4167
7785,Mitchells Plain,,,-34.05,18.6167
7785,Cape Town,,,-33.9167,18.4167
7785,Mitchellsplain,,,-33.9611,18.4833
7785,Kaapstad,,,-33.9167,18.4167
7785,Mitchells Plein,,,-33.9611,18.4833
7785,Mithchells Plain,,,-33.9611,18.4833
7786,Mitchells Plain,,,-34.05,18.6167
7787,Mitchells Plain,,,-34.05,18.6167
7788,Mitchells Plain,,,-34.05,18.6167
7789,Cape Town,,,-33.9167,18.4167
7789,Kaapstad,,,-33.9167,18.4167
7790,Lansdowne,,,-33.9833,18.5
7791,Khayelitsha,,,-34.05,18.6667
7793,Khayelitsha,,,-34.05,18.6667
7794,Khayelitsha,,,-34.05,18.6667
7798,Strandfontein,,,-34.0833,18.55
7798,Mitchells Plain,,,-34.05,18.6167
7800,Plumstead,,,-34.0167,18.4667
7800,Diep River,,,-34.0345,18.4651
7800,Cape Town,,,-34.0167,18.4722
7800,Wynberg,,,-34,18.4667
7800,Ottery,,,-34.0167,18.4722
7800,Southfield,,,-34.0333,18.4833
7801,Cape Town,,,-33.9167,18.4167
7802,Mitchells Plain,,,-34.05,18.6167
7805,Grassy Park,,,-34.05,18.4833
7806,Cape Town,,,-33.9166,18.4166
7806,Constantia,,,-34.0167,18.45
7806,Hout Bay,,,-33.9166,18.4166
7806,Houtbaai,,,-33.9166,18.4166
7806,Kaapstad,,,-34,18.3917
7808,Cape Town,,,-33.9167,18.4167
7824,Cape Town,,,-33.9167,18.4167
7848,Cape Town,,,-33.9167,18.4167
7864,Cape Town,,,-33.9167,18.4167
7872,Cape Town,,,-33.9167,18.4167
7872,Kaapstad,,,-33.9167,18.4167
7880,Cape Town,,,-33.9167,18.4167
7888,Cape Town,,,-33.9167,18.4167
7915,Cape Town,,,-33.9167,18.4167
7925,Cape Town,,,-33.9167,18.4167
7925,Woodstock,,,-33.9167,18.4333
7925,Kaapstad,,,-33.9167,18.4167
7935,Cape Town,,,-33.9167,18.4167
7937,Cape Town,,,-33.9167,18.4167
7941,Cape Town,,,-33.9167,18.4167
7941,Ottery,,,-34.0167,18.4833
7941,Grassy Park,,,-34.05,18.4833
7945,Steenberg,,,-34.0667,18.4667
7945,Muizenberg,,,-34.1167,18.4667
7945,Lavender Hill,,,-34.0667,18.4833
7945,Retreat,,,-31.9167,26.9667
7945,Bergvliet,,,-34.0475,18.4525
7945,Lakeside,,,-34.0833,18.45
7945,Diep River,,,-33.8021,19.5229
7945,Tokai,,,-34.0667,18.4333
7945,Heathfield,,,-34.05,18.4667
7945,Cape Town,,,-33.9258,18.4232
7946,Muizenberg,,,-34.1167,18.4667
7947,Retreat,,,-31.9167,26.9667
7950,Cape Town,,,-33.9167,18.4167
7965,Cape Town,,,-33.9167,18.4167
7966,Cape Town,,,-33.9167,18.4167
7974,Kaapstad,,,-33.9167,18.4167
7974,Cape Town,,,-33.9167,18.4167
7975,Cape Town,,,-33.9167,18.4167
7975,Simonstad,,,-34.1833,18.4333
7975,Fishhoek,,,-34.0056,18.4222
7975,Simon'S Town,,,-34.0056,18.4222
7975,Vishoek,,,-34.0056,18.4222
7975,Kaapstad,,,-33.9167,18.4167
7975,Fish Hoek,,,-34.0056,18.4222
7976,Fish Hoek,,,-33.9833,18.4208
7977,Fish Hoek,,,-33.9833,18.4208
7978,Fish Hoek,,,-33.9833,18.4208
7979,Fish Hoek,,,-33.9833,18.4208
7985,Fish Hoek,,,-33.823,19.2508
7990,Vishoek,,,-34.1333,18.4333
7990,Fish Hoek,,,-34.1333,18.4333
7995,Fish Hoek,,,-34.1833,18.4333
7995,Vishoek,,,-34.1833,18.4333
7995,Simon'S Town,,,-34.1833,18.4333
8000,Cape Town,,,-33.9161,18.4139
8000,Kaapstad,,,-33.9167,18.4167
8001,Cape Town,,,-33.9258,18.4232
8001,Kaapstad,,,-33.9166,18.4133
8002,Cape Town,,,-33.9125,18.4193
8003,Cape Town,,,-33.9167,18.4167
8005,Kaapstad,,,-33.9185,18.4131
8005,Cape Town,,,-33.9185,18.4131
8007,Cape Town,,,-33.9167,18.4167
8008,Kaapstad,,,-33.9167,18.4167
8008,Cape Town,,,-33.9167,18.4167
8010,Cape Town,,,-33.9167,18.4167
8012,Kaapstad,,,-33.9167,18.4167
8012,Cape Town,,,-33.9167,18.4167
8017,Cape Town,,,-33.9167,18.4167
8018,Cape Town,,,-33.9167,18.4167
8020,Cape Town,,,-33.9167,18.4167
8040,Cape Town,,,-33.9277,18.3999
8040,Kaapstad,,,-33.9167,18.4167
8050,Cape Town,,,-33.9167,18.4167
8051,Kaapstad,,,-33.9167,18.4167
8051,Cape Town,,,-33.9167,18.4167
8060,Cape Town,,,-33.9192,18.3964
8060,Kaapstad,,,-33.9167,18.4167
8100,Piketberg,,,-32.9,18.7667
8105,Piketberg,,,-32.9,18.7667
8110,Piketberg,,,-32.9,18.7667
8115,Piketberg,,,-32.9,18.7667
8120,Clanwilliam,,,-32.1833,18.9
8121,Graafwater,,,-32.15,18.6
8122,Graafwater,,,-32.15,18.6
8130,Lambertsbaai,,,-32.1,18.3
8138,Clanwilliam,,,-32.1833,18.9
8145,Klawer,,,-31.7833,18.6167
8146,Vredendal,,,-31.6667,18.5
8147,Klawer,,,-31.7833,18.6167
8149,Lutzville,,,-31.55,18.35
8151,Vredendal,,,-31.6667,18.5
8160,Cape Town,,,-33.9167,18.4167
8160,Kaapstad,,,-33.9167,18.4167
8170,Vanrhynsdorp,,,-31.6167,18.7333
8185,Loeriesfontein,,,-30.9667,19.45
8190,Calvinia,,,-31.4667,19.7833
8191,Calvinia,,,-31.4667,19.7833
8193,Calvinia,,,-31.4667,19.7833
8201,Bitterfontein,,,-31.0333,18.2667
8202,Bitterfontein,,,-31.0333,18.2667
8204,Bitterfontein,,,-31.0333,18.2667
8205,Bitterfontein,,,-31.0333,18.2667
8207,Vredendal,,,-31.6667,18.5
8221,Garies,,,-30.55,17.9833
8223,Garies,,,-30.55,17.9833
8240,Springbok,,,-29.6667,17.8833
8241,Springbok,,,-29.6667,17.8833
8242,Springbok,,,-29.6667,17.8833
8245,Kotzeshoop,,,-28.7167,17.5833
8246,Vioolsdrif,,,-28.7667,17.65
8247,Springbok,,,-29.6667,17.8833
8249,Kleinsee,,,-29.6667,17.0833
8251,Springbok,,,-29.6667,17.8833
8252,Kamieskroon,,,-30.2,17.9333
8253,Kamieskroon,,,-30.2,17.9333
8257,Kamieskroon,,,-30.2,17.9333
8261,Kamieskroon,,,-30.2,17.9333
8271,Okiep,,,-29.6,17.9
8280,Port Nolloth,,,-29.25,16.8667
8282,Springbok,,,-29.6667,17.8833
8283,Port Nolloth,,,-29.25,16.8667
8284,Port Nolloth,,,-29.25,16.8667
8290,Alexander Bay,,,-28.5833,16.4833
8292,Alexander Bay,,,-28.5833,16.4833
8294,Alexander Bay,,,-28.5833,16.4833
8300,Kimberley,,,-28.7333,24.7667
8301,Kimberley,,,-28.7333,24.7667
8303,Kimberley,,,-28.7333,24.7667
8306,Kimberley,,,-28.7333,24.7667
8309,Pescodia,,,-28.7333,24.7667
8315,Kimberley,,,-22.9333,30.1167
8315,Beaconsfield,,,-22.9333,30.1167
8320,Kimberley,,,-28.7333,24.7667
8325,Kimberley,,,-28.7333,24.7667
8330,Kimberley,,,-28.7333,24.7667
8330,Galeshewe,,,-27.9796,25.1093
8335,Kimberley,,,-28.7333,24.7667
8340,Boshof,,,-28.55,25.2333
8345,Kimberley,,,-28.7333,24.7667
8345,Mankurwane,,,-28.55,25.2333
8350,Kimberley,,,-28.7333,24.7667
8360,Kimberley,,,-28.7333,24.7667
8365,Griquatown,,,-28.85,23.25
8375,Barkly West,,,-28.5333,24.5167
8376,Barkly West,,,-28.5333,24.5167
8377,Barkly West,,,-28.5333,24.5167
8377,Delportshoop,,,-28.4167,24.3
8391,Kimberley,,,-28.7333,24.7667
8405,Danielskuil,,,-28.1833,23.5333
8420,Postmasburg,,,-28.3167,23.0667
8423,Postmasburg,,,-28.3,23.0167
8423,Mancorp Mine,,,-28.3,23.0167
8426,Postmasburg,,,-28.3167,23.0667
8445,Postmasburg,,,-28.3167,23.0667
8450,Olifantshoek,,,-27.9333,22.7333
8460,Kuruman,,,-27.45,23.4333
8461,Kuruman,,,-27.45,23.4333
8466,Kuruman,,,-27.45,23.4333
8467,Hotazel,,,-27.2,22.9667
8468,Kuruman,,,-27.45,23.4333
8470,Kuruman,,,-27.45,23.4333
8474,Vryburg,,,-26.95,24.7333
8476,Vryburg,,,-26.95,24.7333
8477,Mothibistad,,,-27.05,24.4733
8478,Vryburg,,,-26.95,24.7333
8479,Vryburg,,,-26.95,24.7333
8480,Vryburg,,,-26.95,24.7333
8481,Mothibistad,,,-26.95,24.7333
8482,Mothibistad,,,-26.95,24.7333
8484,Vryburg,,,-26.95,24.7333
8505,Kimberley,,,-28.7333,24.7667
8510,Windsorton,,,-28.3333,24.7167
8530,Northern Cape,,,-28.1167,24.85
8530,Warrenton,,,-28.1167,24.85
8532,Warrenton,,,-28.1167,24.85
8534,Jan Kempdorp,,,-27.9167,24.85
8535,Jan Kempdorp,,,-27.9167,24.85
8537,Taung Station,,,-28.0167,24.85
8550,Jan Kempdorp,,,-27.9167,24.85
8553,Jan Kempdorp,,,-27.9167,24.85
8560,Jan Kempdorp,,,-27.9167,24.85
8570,Hartswater,,,-27.7667,24.8167
8575,Magogong,,,-27.6667,24.8333
8576,Taung Sta,,,-27.7167,24.825
8576,Taung,,,-24.4833,30.4167
8577,Taung Station,,,-27.7167,24.825
8582,Ganyesa,,,-26.6,24.1833
8583,Taung Sta,,,-27.9762,24.8238
8585,Taung Sta,,,-27.9762,24.8238
8586,Taung Sta,,,-27.9762,24.8238
8587,Ganyesa,,,-26.6,24.1833
8588,Taung Sta,,,-27.9762,24.8238
8589,Taung Sta,,,-27.9762,24.8238
8590,Taung Sta,,,-27.9762,24.8238
8591,Taung Sta,,,-27.9762,24.8238
8592,Taung Sta,,,-27.9762,24.8238
8593,Taung Sta,,,-27.9762,24.8238
8594,Taung Sta,,,-27.9762,24.8238
8596,Taung Sta,,,-27.9762,24.8238
8597,Taung Station,,,-27.9762,24.8238
8599,Taung Station,,,-27.9762,24.8238
8601,Vryburg,,,-26.95,24.7333
8602,Vryburg,,,-26.95,24.7333
8603,Vryburg,,,-26.95,24.7333
8604,Ganyesa,,,-26.6,24.1833
8605,Taung Station,,,-27.1444,24.7556
8606,Taung Station,,,-27.1444,24.7556
8607,Taung Station,,,-27.1444,24.7556
8608,Taung Station,,,-27.1444,24.7556
8609,Taung,,,-27.5333,24.8
8610,Vryburg,,,-26.95,24.7333
8611,Vryburg,,,-26.95,24.7333
8611,Pomfret,,,-26.95,24.7333
8612,Pomfret,,,-25.8167,23.5333
8614,Pomfret,,,-25.8167,23.5333
8615,Vryburg,,,-26.95,24.7333
8616,Vryburg,,,-26.95,24.7333
8617,Pomfret,,,-25.8167,23.5333
8618,Pomfret,,,-25.8167,23.5333
8620,Pomfret,,,-25.8167,23.5333
8621,Vryburg,,,-26.95,24.7333
8622,Vryburg,,,-26.95,24.7333
8623,Ganyesa,,,-26.6,24.1833
8624,Vryburg,,,-26.95,24.7333
8625,Pomfret,,,-25.8167,23.5333
8626,Pomfret,,,-25.8167,23.5333
8655,Madibogo,,,-26.4167,25.2
8680,Vryburg,,,-26.95,24.7333
8700,Kimberley,,,-28.7333,24.7667
8701,Ritchie,,,-29.05,24.6
8710,Jacobsdal,,,-25.6333,26.0667
8730,Douglas,,,-29.0667,23.7667
8731,Kimberley,,,-28.7333,24.7667
8735,Douglas,,,-26.0167,29.3667
8745,Kimberley,,,-28.7333,24.7667
8750,Hopetown,,,-29.6167,24.0833
8751,Hopetown,,,-29.6167,24.0833
8760,Hopetown,,,-29.6167,24.0833
8765,Strydenburg,,,-29.95,23.6833
8770,Petrusville,,,-30.0833,24.65
8771,Vanderkloof,,,-30,24.7333
8780,De Aar,,,-30.65,24.0167
8782,Britstown,,,-30.5833,23.5
8795,Philipstown,,,-30.4333,24.4667
8801,Upington,,,-28.45,21.25
8805,Upington,,,-28.45,21.25
8806,Upington,,,-28.45,21.25
8807,Upington,,,-28.45,21.25
8808,Upington,,,-28.45,21.25
8809,Upington,,,-28.45,21.25
8810,Upington,,,-28.45,21.25
8813,Upington,,,-28.45,21.25
8815,Upington,,,-28.45,21.25
8816,Upington,,,-28.45,21.25
8818,Upington,,,-28.45,21.25
8820,Upington,,,-28.45,21.25
8822,Grootdrink,,,-26.4833,22.2333
8824,Upington,,,-28.45,21.25
8826,Groblershoop,,,-28.8833,21.9833
8851,Groblershoop,,,-28.8833,21.9833
8860,Keimoes,,,-28.7,20.9667
8861,Keimoes,,,-28.7,20.9667
8870,Kakamas,,,-28.75,20.6333
8873,Kakamas,,,-28.75,20.6333
8874,Kakamas,,,-28.75,20.6333
8892,Pofadder,,,-29.1333,19.3833
8893,Springbok,,,-29.6667,17.8833
8922,Carnarvon,,,-30.95,22.1333
8925,Carnarvon,,,-30.95,22.1333
8930,Niekerkshoop,,,-29.3167,22.8333
8930,Prieska,,,-29.6667,22.75
8940,Prieska,,,-29.6667,22.75
8943,Groblershoop,,,-28.8833,21.9833
9300,Bloemfontein,,,-29.1333,26.2
9301,Bloemfontein,,,-29.123,26.1662
9302,Bloemfontein,,,-29.1333,26.2
9303,Bloemfontein,,,-29.1333,26.2
9305,Bloemfontein,,,-29.1333,26.2
9306,Bloemfontein,,,-29.1333,26.2
9307,Mangaung,,,-29.1333,26.2
9307,Bloemfontein,,,-29.1333,26.2
9309,Bloemfontein,,,-29.1333,26.2
9309,Kagisanong,,,-29.1833,26.2333
9310,Bloemfontein,,,-29.1333,26.2
9311,Bloemfontein,,,-29.1333,26.2
9312,Bloemfontein,,,-29.1333,26.2
9313,Bloemfontein,,,-29.1333,26.2
9315,Bloemfontein,,,-29.1333,26.2
9317,Bloemfontein,,,-29.1333,26.2
9320,Bloemfontein,,,-29.1333,26.2
9321,Bloemfontein,,,-29.1333,26.2
9322,Bloemfontein,,,-29.1333,26.2
9323,Gasehunelo,,,-28.0833,24.8917
9323,Kagisanong,,,-28.0833,24.8917
9323,Bloemfontein,,,-29.1333,26.2
9323,Ga-Sehunelo,,,-27.0333,23.5833
9324,Bloemfontein,,,-29.1333,26.2
9325,Bloemfontein,,,-29.1333,26.2
9326,Bloemfontein,,,-29.1333,26.2
9327,Bloemfontein,,,-29.1333,26.2
9328,Kagisanong,,,-29.1833,26.2333
9330,Bloemfontein,,,-29.1333,26.2
9332,Bloemfontein,,,-29.1333,26.2
9334,Bloemfontein,,,-29.1333,26.2
9348,Dealesville,,,-28.6667,25.7667
9356,Bloemfontein,,,-29.1333,26.2
9358,Bloemfontein,,,-29.1333,26.2
9360,Bloemfontein,,,-29.1333,26.2
9364,Bloemspruit,,,-29.1333,26.25
9364,Bloemfontein,,,-29.1333,26.2
9380,Bloemfontein,,,-29.1333,26.2
9400,Brandfort,,,-28.7,26.4667
9410,Theunissen,,,-28.4,26.7167
9414,Theunissen,,,-28.4,26.7167
9420,Winburg,,,-28.5333,27.0167
9421,Winburg,,,-28.5333,27.0167
9430,Virginia,,,-28.1167,26.9
9430,Free State,,,-28.1167,26.9
9431,Virginia,,,-28.1167,26.9
9431,Free State,,,-28.1167,26.9
9432,Virginia,,,-28.1167,26.9
9433,Virginia,,,-28.1167,26.9
9435,Virginia,,,-28.1167,26.9
9437,Virginia,,,-28.1167,26.9
9438,Welkom,,,-27.9833,26.7333
9439,Virginia,,,-28.1167,26.9
9450,Ventersburg,,,-28.0833,27.1333
9459,Welkom,,,-27.9833,26.7333
9460,Welkom,,,-27.9833,26.7333
9462,Welkom,,,-27.9833,26.7333
9463,Welkom,,,-27.9833,26.7333
9463,Motsethabong,,,-27.9833,26.7333
9465,Welkom,,,-27.9833,26.7333
9466,Welkom,,,-27.9833,26.7333
9467,Welkom,,,-27.9833,26.7333
9468,Welkom,,,-27.9833,26.7333
9468,Geduldpan,,,-27.9833,26.7333
9469,Welkom,,,-24.4167,29.1667
9470,Welkom,,,-27.9833,26.7333
9471,Welkom,,,-27.9833,26.7333
9473,Welkom,,,-27.9833,26.7333
9475,Motsethabong,,,-27.9542,26.7208
9476,Odendaalsrus,,,-27.8667,26.6833
9477,Welkom,,,-27.9833,26.7333
9478,Motsethabong,,,-27.9542,26.7208
9480,Odendaalsrus,,,-27.8667,26.6833
9482,Hertzogville,,,-28.1333,25.5
9483,Merafong,,,-28.0778,26.3778
9483,Odendaalsrus,,,-27.8667,26.6833
9484,Virginia,,,-28.1167,26.9
9485,Senekal,,,-28.3167,27.6
9487,Motsethabang,,,-28.0778,26.3778
9488,Welkom,,,-27.9833,26.7333
9490,Allanridge,,,-27.75,26.6667
9492,Allanridge,,,-27.75,26.6667
9499,Kroonstad,,,-27.65,27.2333
9501,Kroonstad,,,-27.65,27.2333
9503,Kroonstad,,,-27.65,27.2333
9503,Lengau,,,-27.65,27.2333
9505,Kroonstad,,,-27.65,27.2333
9520,Viljoenskroon,,,-27.2167,26.95
9521,Viljoenskroon,,,-27.2167,26.95
9535,Free State,,,-29.2667,21.6333
9535,Edenville,,,-29.2667,21.6333
9540,Koppies,,,-27.2333,27.5833
9580,Sasolburg,,,-26.8167,27.8167
9585,Parys,,,-26.9,27.45
9595,Vredefort,,,-27.0167,27.3833
9600,Senekal,,,-28.3167,27.6
9602,Arlington,,,-28.0333,27.85
9610,Marquard,,,-28.6667,27.4333
9630,Lindley,,,-27.8667,27.9167
9640,Petrus Steyn,,,-27.65,28.1333
9650,Heilbron,,,-27.2833,27.9667
9660,Bothaville,,,-27.3667,26.6167
9661,Bothaville,,,-27.3667,26.6167
9663,Bothaville,,,-27.3667,26.6167
9670,Bultfontein,,,-25.1167,28.5667
9680,Wesselsbron,,,-27.85,26.3667
9682,Wesselsbron,,,-27.85,26.3667
9700,Bethlehem,,,-28.2333,28.3
9701,Bethlehem,,,-28.2333,28.3
9701,Theronville,,,-28.2333,28.3
9702,Theronville,,,-28.2333,28.3
9702,Bohlokong,,,-28.2333,28.3
9702,Bethlehem,,,-28.2333,28.3
9703,Bethlehem,,,-28.2333,28.3
9704,Bethlehem,,,-28.2333,28.3
9705,Bethlehem,,,-28.2333,28.3
9706,Bethlehem,,,-28.2333,28.3
9707,Clarens,,,-28.5167,28.4167
9720,Rosendal,,,-28.5167,27.9333
9725,Fouriesburg,,,-28.5833,28.1333
9730,Ficksburg,,,-28.8833,27.8833
9732,Ficksburg,,,-28.8833,27.8833
9735,Clocolan,,,-28.9,27.5667
9740,Hobhouse,,,-29.5333,27.15
9742,Jamestown,,,-31.1167,26.8
9744,Burgersdorp,,,-30.9833,26.3167
9745,Ladybrand,,,-29.2,27.45
9746,Ladybrand,,,-29.2,27.45
9748,Ladybrand,,,-29.2,27.45
9750,Aliwal North,,,-30.7,26.7
9750,Aliwal-Noord,,,-30.7,26.7
9752,Aliwal North,,,-30.7,26.7
9754,Aliwal North,,,-30.7,26.7
9755,Lady Grey,,,-30.7,27.2333
9756,Herschel,,,-30.6167,27.1667
9760,Excelsior,,,-25.8333,30.5167
9762,Sterkspruit,,,-25.3667,30.5333
9775,Ga-Rapulana,,,-29.3154,27.4386
9775,Garapulana,,,-29.3154,27.4386
9780,Ga-Rapulana,,,-29.6583,26.9854
9781,Bloemfontein,,,-29.2333,26.7333
9781,Botshabelo,,,-29.2333,26.7333
9782,Botshabelo,,,-29.2333,26.7333
9783,Thaba Nchu,,,-29.2167,26.8333
9783,Ga-Rapulana,,,-29.2083,26.825
9783,Selosesha,,,-29.2,26.8167
9784,Thaba Nchu,,,-29.2167,26.8333
9785,Botshabelo,,,-29.2333,26.7333
9786,Barkly East,,,-30.9667,27.6
9787,Barkly East,,,-30.9667,27.6
9788,Botshabelo,,,-29.2333,26.7333
9789,Botshabelo,,,-29.2333,26.7333
9790,Thaba Nchu,,,-29.2167,26.8333
9795,Colesberg,,,-30.7333,25.1
9797,Colesberg,,,-30.7333,25.1
9798,Venterstad,,,-30.7833,25.8
9800,Paul Roux,,,-28.3,27.95
9810,Reitz,,,-27.8,28.4333
9820,Tweeling,,,-27.55,28.5167
9830,Frankfort,,,-27.2833,28.5
9835,Vrede,,,-27.4167,29.1667
9840,Villiers,,,-27.0333,28.6
9850,Vrede,,,-23.7167,29.1333
9850,Cornelia,,,-23.7167,29.1333
9860,Kestell,,,-28.3167,28.7
9866,Phuthaditjhaba,,,-28.5333,28.8167
9868,Witsieshoek,,,-28.5333,28.8
9869,Witsieshoek,,,-28.5333,28.8
9869,Mokodumela,,,-28.5333,28.8
9869,Phuthaditjhaba,,,-28.5333,28.8
9870,Witsieshoek,,,-28.5333,28.8
9873,Dikgakeng,,,-28.5333,28.8
9875,Witsieshoek,,,-28.5333,28.8
9877,Witsieshoek,,,-28.5333,28.8
9878,Witsieshoek,,,-28.5333,28.8
9880,Harrismith,,,-28.2833,29.1333
9882,Harrismith,,,-28.2833,29.1333
9883,Harrismith,,,-28.2833,29.1333
9885,Harrismith,,,-28.2833,29.1333
9890,Warden,,,-27.85,28.9667
9904,Reddersburg,,,-29.65,26.1667
9908,Edenburg,,,-29.7333,25.9333
9913,Trompsburg,,,-30.0333,25.7833
9917,Springfontein,,,-30.2667,25.7
9922,Colesberg,,,-30.7333,25.1
9928,Bloemfontein,,,-29.1333,26.2
9932,Petrusburg,,,-29.1167,25.4167
9936,Petrusburg,,,-29.1167,25.4167
9940,Dewetsdorp,,,-29.5833,26.6667
9944,Wepener,,,-29.7333,27.0333
9945,Zastron,,,-30.3,27.0833
9950,Zastron,,,-30.3,27.0833
9951,Zastron,,,-30.3,27.0833
9958,Rouxville,,,-30.4167,26.8333
9958,Free State,,,-30.4167,26.8333
9966,Smithfield,,,-30.2167,26.5333
9970,Philippolis,,,-30.2667,25.2833
9974,Jagersfontein,,,-29.7667,25.4167
9978,Fauresmith,,,-29.75,25.3167
9982,Luckhoff,,,-29.75,24.7833
9986,Koffiefontein,,,-29.4,25.0167
9986,Luckhoff,,,-29.4,25.0167
9987,Koffiefontein,,,-29.4,25.0167
9992,Bethulie,,,-30.5333,21.2833
